﻿<?xml version="1.0" encoding="utf-8"?>
<TransXChange xmlns:xsi="http://www.w3.org/2001/XMLSchema-instance" SchemaVersion="2.4" CreationDateTime="2025-07-29T15:26:34" ModificationDateTime="2025-08-19T16:41:20" Modification="revise" RevisionNumber="1" FileName="FALC_690_FALCPK110996923690_20250901_-_2139000.xml" xmlns="http://www.transxchange.org.uk/">
  <ServicedOrganisations>
    <ServicedOrganisation>
      <OrganisationCode>SSCH2526</OrganisationCode>
      <Name>Surrey Schools 25 26</Name>
      <WorkingDays>
        <DateRange>
          <StartDate>2025-09-03</StartDate>
          <EndDate>2025-10-24</EndDate>
        </DateRange>
        <DateRange>
          <StartDate>2025-11-03</StartDate>
          <EndDate>2025-12-19</EndDate>
        </DateRange>
        <DateRange>
          <StartDate>2026-01-05</StartDate>
          <EndDate>2026-02-13</EndDate>
        </DateRange>
        <DateRange>
          <StartDate>2026-02-23</StartDate>
          <EndDate>2026-03-27</EndDate>
        </DateRange>
        <DateRange>
          <StartDate>2026-04-13</StartDate>
          <EndDate>2026-05-22</EndDate>
        </DateRange>
        <DateRange>
          <StartDate>2026-06-01</StartDate>
          <EndDate>2026-07-22</EndDate>
        </DateRange>
      </WorkingDays>
    </ServicedOrganisation>
  </ServicedOrganisations>
  <StopPoints>
    <AnnotatedStopPointRef>
      <StopPointRef>40004407170A</StopPointRef>
      <CommonName>The Old School House</CommonName>
      <Location>
        <Longitude>-0.605951</Longitude>
        <Latitude>51.269685</Latitude>
      </Location>
    </AnnotatedStopPointRef>
    <AnnotatedStopPointRef>
      <StopPointRef>40004407170B</StopPointRef>
      <CommonName>The Old School House</CommonName>
      <Location>
        <Longitude>-0.605890</Longitude>
        <Latitude>51.269810</Latitude>
      </Location>
    </AnnotatedStopPointRef>
    <AnnotatedStopPointRef>
      <StopPointRef>40004407169A</StopPointRef>
      <CommonName>Coombe Lane</CommonName>
      <Location>
        <Longitude>-0.609690</Longitude>
        <Latitude>51.273084</Latitude>
      </Location>
    </AnnotatedStopPointRef>
    <AnnotatedStopPointRef>
      <StopPointRef>40004407168A</StopPointRef>
      <CommonName>Village Hall</CommonName>
      <Location>
        <Longitude>-0.609315</Longitude>
        <Latitude>51.276478</Latitude>
      </Location>
    </AnnotatedStopPointRef>
    <AnnotatedStopPointRef>
      <StopPointRef>40004407167A</StopPointRef>
      <CommonName>Rickford Common</CommonName>
      <Location>
        <Longitude>-0.614729</Longitude>
        <Latitude>51.279987</Latitude>
      </Location>
    </AnnotatedStopPointRef>
    <AnnotatedStopPointRef>
      <StopPointRef>40004407166A</StopPointRef>
      <CommonName>Fox Corner</CommonName>
      <Location>
        <Longitude>-0.620373</Longitude>
        <Latitude>51.283533</Latitude>
      </Location>
    </AnnotatedStopPointRef>
    <AnnotatedStopPointRef>
      <StopPointRef>40004407169B</StopPointRef>
      <CommonName>Coombe Lane</CommonName>
      <Location>
        <Longitude>-0.610091</Longitude>
        <Latitude>51.272135</Latitude>
      </Location>
    </AnnotatedStopPointRef>
    <AnnotatedStopPointRef>
      <StopPointRef>40004407168B</StopPointRef>
      <CommonName>Village Hall</CommonName>
      <Location>
        <Longitude>-0.608868</Longitude>
        <Latitude>51.276095</Latitude>
      </Location>
    </AnnotatedStopPointRef>
    <AnnotatedStopPointRef>
      <StopPointRef>40004407165A</StopPointRef>
      <CommonName>Hockford Close</CommonName>
      <Location>
        <Longitude>-0.627701</Longitude>
        <Latitude>51.282522</Latitude>
      </Location>
    </AnnotatedStopPointRef>
    <AnnotatedStopPointRef>
      <StopPointRef>40004407164A</StopPointRef>
      <CommonName>Bullswater Common Road</CommonName>
      <Location>
        <Longitude>-0.635640</Longitude>
        <Latitude>51.280754</Latitude>
      </Location>
    </AnnotatedStopPointRef>
    <AnnotatedStopPointRef>
      <StopPointRef>40004407167B</StopPointRef>
      <CommonName>Rickford Common</CommonName>
      <Location>
        <Longitude>-0.612835</Longitude>
        <Latitude>51.279569</Latitude>
      </Location>
    </AnnotatedStopPointRef>
    <AnnotatedStopPointRef>
      <StopPointRef>40004407166B</StopPointRef>
      <CommonName>Fox Corner</CommonName>
      <Location>
        <Longitude>-0.620297</Longitude>
        <Latitude>51.283658</Latitude>
      </Location>
    </AnnotatedStopPointRef>
    <AnnotatedStopPointRef>
      <StopPointRef>40004407165B</StopPointRef>
      <CommonName>Hockford Close</CommonName>
      <Location>
        <Longitude>-0.627741</Longitude>
        <Latitude>51.282631</Latitude>
      </Location>
    </AnnotatedStopPointRef>
    <AnnotatedStopPointRef>
      <StopPointRef>40004407163A</StopPointRef>
      <CommonName>Stanford Common</CommonName>
      <Location>
        <Longitude>-0.641417</Longitude>
        <Latitude>51.280317</Latitude>
      </Location>
    </AnnotatedStopPointRef>
    <AnnotatedStopPointRef>
      <StopPointRef>40004407956A</StopPointRef>
      <CommonName>Swallow Corner</CommonName>
      <Location>
        <Longitude>-0.644388</Longitude>
        <Latitude>51.290441</Latitude>
      </Location>
    </AnnotatedStopPointRef>
    <AnnotatedStopPointRef>
      <StopPointRef>40004407164B</StopPointRef>
      <CommonName>Bullswater Common Road</CommonName>
      <Location>
        <Longitude>-0.634413</Longitude>
        <Latitude>51.281054</Latitude>
      </Location>
    </AnnotatedStopPointRef>
    <AnnotatedStopPointRef>
      <StopPointRef>40004407163B</StopPointRef>
      <CommonName>Stanford Common</CommonName>
      <Location>
        <Longitude>-0.641183</Longitude>
        <Latitude>51.280486</Latitude>
      </Location>
    </AnnotatedStopPointRef>
    <AnnotatedStopPointRef>
      <StopPointRef>40004407959A</StopPointRef>
      <CommonName>Swallow Corner</CommonName>
      <Location>
        <Longitude>-0.644045</Longitude>
        <Latitude>51.290419</Latitude>
      </Location>
    </AnnotatedStopPointRef>
    <AnnotatedStopPointRef>
      <StopPointRef>40004407161A</StopPointRef>
      <CommonName>White Hart</CommonName>
      <Location>
        <Longitude>-0.645468</Longitude>
        <Latitude>51.294195</Latitude>
      </Location>
    </AnnotatedStopPointRef>
    <AnnotatedStopPointRef>
      <StopPointRef>40004407160A</StopPointRef>
      <CommonName>School Lane</CommonName>
      <Location>
        <Longitude>-0.644852</Longitude>
        <Latitude>51.297578</Latitude>
      </Location>
    </AnnotatedStopPointRef>
    <AnnotatedStopPointRef>
      <StopPointRef>40004407161B</StopPointRef>
      <CommonName>White Hart</CommonName>
      <Location>
        <Longitude>-0.645336</Longitude>
        <Latitude>51.293797</Latitude>
      </Location>
    </AnnotatedStopPointRef>
    <AnnotatedStopPointRef>
      <StopPointRef>40004407160B</StopPointRef>
      <CommonName>School Lane</CommonName>
      <Location>
        <Longitude>-0.644700</Longitude>
        <Latitude>51.297864</Latitude>
      </Location>
    </AnnotatedStopPointRef>
    <AnnotatedStopPointRef>
      <StopPointRef>40004407159A</StopPointRef>
      <CommonName>Brookwood Memorial</CommonName>
      <Location>
        <Longitude>-0.645487</Longitude>
        <Latitude>51.299401</Latitude>
      </Location>
    </AnnotatedStopPointRef>
    <AnnotatedStopPointRef>
      <StopPointRef>40004407979A</StopPointRef>
      <CommonName>Caterham Close</CommonName>
      <Location>
        <Longitude>-0.646930</Longitude>
        <Latitude>51.302026</Latitude>
      </Location>
    </AnnotatedStopPointRef>
    <AnnotatedStopPointRef>
      <StopPointRef>40004407157A</StopPointRef>
      <CommonName>Manor Crescent</CommonName>
      <Location>
        <Longitude>-0.653373</Longitude>
        <Latitude>51.305409</Latitude>
      </Location>
    </AnnotatedStopPointRef>
    <AnnotatedStopPointRef>
      <StopPointRef>40004407159B</StopPointRef>
      <CommonName>Brookwood Memorial</CommonName>
      <Location>
        <Longitude>-0.645270</Longitude>
        <Latitude>51.299471</Latitude>
      </Location>
    </AnnotatedStopPointRef>
    <AnnotatedStopPointRef>
      <StopPointRef>40004407158B</StopPointRef>
      <CommonName>Caterham Close</CommonName>
      <Location>
        <Longitude>-0.646674</Longitude>
        <Latitude>51.301978</Latitude>
      </Location>
    </AnnotatedStopPointRef>
    <AnnotatedStopPointRef>
      <StopPointRef>40004407156B</StopPointRef>
      <CommonName>Slade Road</CommonName>
      <Location>
        <Longitude>-0.655172</Longitude>
        <Latitude>51.305196</Latitude>
      </Location>
    </AnnotatedStopPointRef>
    <AnnotatedStopPointRef>
      <StopPointRef>40004404082B</StopPointRef>
      <CommonName>Railway Arch</CommonName>
      <Location>
        <Longitude>-0.646735</Longitude>
        <Latitude>51.303318</Latitude>
      </Location>
    </AnnotatedStopPointRef>
    <AnnotatedStopPointRef>
      <StopPointRef>40004404082A</StopPointRef>
      <CommonName>Railway Arch</CommonName>
      <Location>
        <Longitude>-0.644807</Longitude>
        <Latitude>51.303989</Latitude>
      </Location>
    </AnnotatedStopPointRef>
    <AnnotatedStopPointRef>
      <StopPointRef>40004404083A</StopPointRef>
      <CommonName>Church Close</CommonName>
      <Location>
        <Longitude>-0.641129</Longitude>
        <Latitude>51.304656</Latitude>
      </Location>
    </AnnotatedStopPointRef>
    <AnnotatedStopPointRef>
      <StopPointRef>40004404083B</StopPointRef>
      <CommonName>Church Close</CommonName>
      <Location>
        <Longitude>-0.641565</Longitude>
        <Latitude>51.304481</Latitude>
      </Location>
    </AnnotatedStopPointRef>
    <AnnotatedStopPointRef>
      <StopPointRef>40004404084A</StopPointRef>
      <CommonName>Brookwood Railway Station</CommonName>
      <Location>
        <Longitude>-0.637966</Longitude>
        <Latitude>51.304395</Latitude>
      </Location>
    </AnnotatedStopPointRef>
    <AnnotatedStopPointRef>
      <StopPointRef>40004404084B</StopPointRef>
      <CommonName>Brookwood Railway Station</CommonName>
      <Location>
        <Longitude>-0.635683</Longitude>
        <Latitude>51.304476</Latitude>
      </Location>
    </AnnotatedStopPointRef>
    <AnnotatedStopPointRef>
      <StopPointRef>40004404085A</StopPointRef>
      <CommonName>Brookwood School</CommonName>
      <Location>
        <Longitude>-0.631368</Longitude>
        <Latitude>51.304866</Latitude>
      </Location>
    </AnnotatedStopPointRef>
    <AnnotatedStopPointRef>
      <StopPointRef>40004404085B</StopPointRef>
      <CommonName>Brookwood School</CommonName>
      <Location>
        <Longitude>-0.632854</Longitude>
        <Latitude>51.304587</Latitude>
      </Location>
    </AnnotatedStopPointRef>
    <AnnotatedStopPointRef>
      <StopPointRef>40004404086B</StopPointRef>
      <CommonName>Crossroads</CommonName>
      <Location>
        <Longitude>-0.627623</Longitude>
        <Latitude>51.304885</Latitude>
      </Location>
    </AnnotatedStopPointRef>
    <AnnotatedStopPointRef>
      <StopPointRef>40004404086D</StopPointRef>
      <CommonName>Crossroads</CommonName>
      <Location>
        <Longitude>-0.624722</Longitude>
        <Latitude>51.305958</Latitude>
      </Location>
    </AnnotatedStopPointRef>
    <AnnotatedStopPointRef>
      <StopPointRef>40004404123B</StopPointRef>
      <CommonName>Queenswood Road</CommonName>
      <Location>
        <Longitude>-0.612552</Longitude>
        <Latitude>51.311803</Latitude>
      </Location>
    </AnnotatedStopPointRef>
    <AnnotatedStopPointRef>
      <StopPointRef>40004404123A</StopPointRef>
      <CommonName>Queenswood Road</CommonName>
      <Location>
        <Longitude>-0.613046</Longitude>
        <Latitude>51.311593</Latitude>
      </Location>
    </AnnotatedStopPointRef>
    <AnnotatedStopPointRef>
      <StopPointRef>40004404124A</StopPointRef>
      <CommonName>The Surrey</CommonName>
      <Location>
        <Longitude>-0.608891</Longitude>
        <Latitude>51.312362</Latitude>
      </Location>
    </AnnotatedStopPointRef>
    <AnnotatedStopPointRef>
      <StopPointRef>40004404597A</StopPointRef>
      <CommonName>The Surrey</CommonName>
      <Location>
        <Longitude>-0.608872</Longitude>
        <Latitude>51.312497</Latitude>
      </Location>
    </AnnotatedStopPointRef>
    <AnnotatedStopPointRef>
      <StopPointRef>40004404125B</StopPointRef>
      <CommonName>Raglan Road</CommonName>
      <Location>
        <Longitude>-0.604793</Longitude>
        <Latitude>51.312628</Latitude>
      </Location>
    </AnnotatedStopPointRef>
    <AnnotatedStopPointRef>
      <StopPointRef>40004404126B</StopPointRef>
      <CommonName>Crematorium</CommonName>
      <Location>
        <Longitude>-0.602558</Longitude>
        <Latitude>51.312529</Latitude>
      </Location>
    </AnnotatedStopPointRef>
    <AnnotatedStopPointRef>
      <StopPointRef>40004404125A</StopPointRef>
      <CommonName>Raglan Road</CommonName>
      <Location>
        <Longitude>-0.605628</Longitude>
        <Latitude>51.312557</Latitude>
      </Location>
    </AnnotatedStopPointRef>
    <AnnotatedStopPointRef>
      <StopPointRef>40004404170A</StopPointRef>
      <CommonName>Raglan Road Turn</CommonName>
      <Location>
        <Longitude>-0.605876</Longitude>
        <Latitude>51.312893</Latitude>
      </Location>
    </AnnotatedStopPointRef>
    <AnnotatedStopPointRef>
      <StopPointRef>40004404161B</StopPointRef>
      <CommonName>Health Centre</CommonName>
      <Location>
        <Longitude>-0.599020</Longitude>
        <Latitude>51.312316</Latitude>
      </Location>
    </AnnotatedStopPointRef>
    <AnnotatedStopPointRef>
      <StopPointRef>40004404127B</StopPointRef>
      <CommonName>Co-op</CommonName>
      <Location>
        <Longitude>-0.595803</Longitude>
        <Latitude>51.312431</Latitude>
      </Location>
    </AnnotatedStopPointRef>
    <AnnotatedStopPointRef>
      <StopPointRef>40004404161A</StopPointRef>
      <CommonName>Health Centre</CommonName>
      <Location>
        <Longitude>-0.599154</Longitude>
        <Latitude>51.312183</Latitude>
      </Location>
    </AnnotatedStopPointRef>
    <AnnotatedStopPointRef>
      <StopPointRef>40004404127A</StopPointRef>
      <CommonName>Co-op</CommonName>
      <Location>
        <Longitude>-0.595750</Longitude>
        <Latitude>51.312268</Latitude>
      </Location>
    </AnnotatedStopPointRef>
    <AnnotatedStopPointRef>
      <StopPointRef>40004404132B</StopPointRef>
      <CommonName>St James Close</CommonName>
      <Location>
        <Longitude>-0.587638</Longitude>
        <Latitude>51.313852</Latitude>
      </Location>
    </AnnotatedStopPointRef>
    <AnnotatedStopPointRef>
      <StopPointRef>40004404133B</StopPointRef>
      <CommonName>St John's Rise</CommonName>
      <Location>
        <Longitude>-0.580449</Longitude>
        <Latitude>51.313397</Latitude>
      </Location>
    </AnnotatedStopPointRef>
    <AnnotatedStopPointRef>
      <StopPointRef>40004404132A</StopPointRef>
      <CommonName>St James Close</CommonName>
      <Location>
        <Longitude>-0.588433</Longitude>
        <Latitude>51.313673</Latitude>
      </Location>
    </AnnotatedStopPointRef>
    <AnnotatedStopPointRef>
      <StopPointRef>40004404133A</StopPointRef>
      <CommonName>St John's Rise</CommonName>
      <Location>
        <Longitude>-0.580267</Longitude>
        <Latitude>51.313268</Latitude>
      </Location>
    </AnnotatedStopPointRef>
    <AnnotatedStopPointRef>
      <StopPointRef>40004404131B</StopPointRef>
      <CommonName>Triggs Lane</CommonName>
      <Location>
        <Longitude>-0.572857</Longitude>
        <Latitude>51.310669</Latitude>
      </Location>
    </AnnotatedStopPointRef>
    <AnnotatedStopPointRef>
      <StopPointRef>40004404076B</StopPointRef>
      <CommonName>West Hill</CommonName>
      <Location>
        <Longitude>-0.567946</Longitude>
        <Latitude>51.309414</Latitude>
      </Location>
    </AnnotatedStopPointRef>
    <AnnotatedStopPointRef>
      <StopPointRef>40004404069A</StopPointRef>
      <CommonName>Leisure Centre</CommonName>
      <Location>
        <Longitude>-0.558065</Longitude>
        <Latitude>51.307907</Latitude>
      </Location>
    </AnnotatedStopPointRef>
    <AnnotatedStopPointRef>
      <StopPointRef>40004404067A</StopPointRef>
      <CommonName>Kingfield Green</CommonName>
      <Location>
        <Longitude>-0.554436</Longitude>
        <Latitude>51.306064</Latitude>
      </Location>
    </AnnotatedStopPointRef>
    <AnnotatedStopPointRef>
      <StopPointRef>40004404131A</StopPointRef>
      <CommonName>Triggs Lane</CommonName>
      <Location>
        <Longitude>-0.573070</Longitude>
        <Latitude>51.310762</Latitude>
      </Location>
    </AnnotatedStopPointRef>
    <AnnotatedStopPointRef>
      <StopPointRef>40004404076A</StopPointRef>
      <CommonName>West Hill</CommonName>
      <Location>
        <Longitude>-0.567267</Longitude>
        <Latitude>51.309109</Latitude>
      </Location>
    </AnnotatedStopPointRef>
    <AnnotatedStopPointRef>
      <StopPointRef>40004404069B</StopPointRef>
      <CommonName>Leisure Centre</CommonName>
      <Location>
        <Longitude>-0.558432</Longitude>
        <Latitude>51.307660</Latitude>
      </Location>
    </AnnotatedStopPointRef>
    <AnnotatedStopPointRef>
      <StopPointRef>40004404067B</StopPointRef>
      <CommonName>Kingfield Green</CommonName>
      <Location>
        <Longitude>-0.554554</Longitude>
        <Latitude>51.305967</Latitude>
      </Location>
    </AnnotatedStopPointRef>
  </StopPoints>
  <RouteSections>
    <RouteSection id="rsf_0000">
      <RouteLink id="rl_0000_1">
        <From>
          <StopPointRef>40004404170A</StopPointRef>
        </From>
        <To>
          <StopPointRef>40004404124A</StopPointRef>
        </To>
      </RouteLink>
      <RouteLink id="rl_0000_2">
        <From>
          <StopPointRef>40004404124A</StopPointRef>
        </From>
        <To>
          <StopPointRef>40004404123A</StopPointRef>
        </To>
      </RouteLink>
      <RouteLink id="rl_0000_3">
        <From>
          <StopPointRef>40004404123A</StopPointRef>
        </From>
        <To>
          <StopPointRef>40004404086B</StopPointRef>
        </To>
      </RouteLink>
      <RouteLink id="rl_0000_4">
        <From>
          <StopPointRef>40004404086B</StopPointRef>
        </From>
        <To>
          <StopPointRef>40004404085B</StopPointRef>
        </To>
      </RouteLink>
      <RouteLink id="rl_0000_5">
        <From>
          <StopPointRef>40004404085B</StopPointRef>
        </From>
        <To>
          <StopPointRef>40004404084A</StopPointRef>
        </To>
      </RouteLink>
      <RouteLink id="rl_0000_6">
        <From>
          <StopPointRef>40004404084A</StopPointRef>
        </From>
        <To>
          <StopPointRef>40004404083B</StopPointRef>
        </To>
      </RouteLink>
      <RouteLink id="rl_0000_7">
        <From>
          <StopPointRef>40004404083B</StopPointRef>
        </From>
        <To>
          <StopPointRef>40004404082B</StopPointRef>
        </To>
      </RouteLink>
      <RouteLink id="rl_0000_8">
        <From>
          <StopPointRef>40004404082B</StopPointRef>
        </From>
        <To>
          <StopPointRef>40004407157A</StopPointRef>
        </To>
      </RouteLink>
      <RouteLink id="rl_0000_9">
        <From>
          <StopPointRef>40004407157A</StopPointRef>
        </From>
        <To>
          <StopPointRef>40004407156B</StopPointRef>
        </To>
      </RouteLink>
      <RouteLink id="rl_0000_10">
        <From>
          <StopPointRef>40004407156B</StopPointRef>
        </From>
        <To>
          <StopPointRef>40004407158B</StopPointRef>
        </To>
      </RouteLink>
      <RouteLink id="rl_0000_11">
        <From>
          <StopPointRef>40004407158B</StopPointRef>
        </From>
        <To>
          <StopPointRef>40004407159B</StopPointRef>
        </To>
      </RouteLink>
      <RouteLink id="rl_0000_12">
        <From>
          <StopPointRef>40004407159B</StopPointRef>
        </From>
        <To>
          <StopPointRef>40004407160B</StopPointRef>
        </To>
      </RouteLink>
      <RouteLink id="rl_0000_13">
        <From>
          <StopPointRef>40004407160B</StopPointRef>
        </From>
        <To>
          <StopPointRef>40004407161B</StopPointRef>
        </To>
      </RouteLink>
      <RouteLink id="rl_0000_14">
        <From>
          <StopPointRef>40004407161B</StopPointRef>
        </From>
        <To>
          <StopPointRef>40004407959A</StopPointRef>
        </To>
      </RouteLink>
      <RouteLink id="rl_0000_15">
        <From>
          <StopPointRef>40004407959A</StopPointRef>
        </From>
        <To>
          <StopPointRef>40004407163B</StopPointRef>
        </To>
      </RouteLink>
      <RouteLink id="rl_0000_16">
        <From>
          <StopPointRef>40004407163B</StopPointRef>
        </From>
        <To>
          <StopPointRef>40004407164B</StopPointRef>
        </To>
      </RouteLink>
      <RouteLink id="rl_0000_17">
        <From>
          <StopPointRef>40004407164B</StopPointRef>
        </From>
        <To>
          <StopPointRef>40004407165B</StopPointRef>
        </To>
      </RouteLink>
      <RouteLink id="rl_0000_18">
        <From>
          <StopPointRef>40004407165B</StopPointRef>
        </From>
        <To>
          <StopPointRef>40004407166B</StopPointRef>
        </To>
      </RouteLink>
      <RouteLink id="rl_0000_19">
        <From>
          <StopPointRef>40004407166B</StopPointRef>
        </From>
        <To>
          <StopPointRef>40004407167B</StopPointRef>
        </To>
      </RouteLink>
      <RouteLink id="rl_0000_20">
        <From>
          <StopPointRef>40004407167B</StopPointRef>
        </From>
        <To>
          <StopPointRef>40004407168B</StopPointRef>
        </To>
      </RouteLink>
      <RouteLink id="rl_0000_21">
        <From>
          <StopPointRef>40004407168B</StopPointRef>
        </From>
        <To>
          <StopPointRef>40004407169B</StopPointRef>
        </To>
      </RouteLink>
    </RouteSection>
    <RouteSection id="rsf_0001">
      <RouteLink id="rl_0001_1">
        <From>
          <StopPointRef>40004404067B</StopPointRef>
        </From>
        <To>
          <StopPointRef>40004404069B</StopPointRef>
        </To>
      </RouteLink>
      <RouteLink id="rl_0001_2">
        <From>
          <StopPointRef>40004404069B</StopPointRef>
        </From>
        <To>
          <StopPointRef>40004404076A</StopPointRef>
        </To>
      </RouteLink>
      <RouteLink id="rl_0001_3">
        <From>
          <StopPointRef>40004404076A</StopPointRef>
        </From>
        <To>
          <StopPointRef>40004404131A</StopPointRef>
        </To>
      </RouteLink>
      <RouteLink id="rl_0001_4">
        <From>
          <StopPointRef>40004404131A</StopPointRef>
        </From>
        <To>
          <StopPointRef>40004404133A</StopPointRef>
        </To>
      </RouteLink>
      <RouteLink id="rl_0001_5">
        <From>
          <StopPointRef>40004404133A</StopPointRef>
        </From>
        <To>
          <StopPointRef>40004404132A</StopPointRef>
        </To>
      </RouteLink>
      <RouteLink id="rl_0001_6">
        <From>
          <StopPointRef>40004404132A</StopPointRef>
        </From>
        <To>
          <StopPointRef>40004404127A</StopPointRef>
        </To>
      </RouteLink>
      <RouteLink id="rl_0001_7">
        <From>
          <StopPointRef>40004404127A</StopPointRef>
        </From>
        <To>
          <StopPointRef>40004404161A</StopPointRef>
        </To>
      </RouteLink>
      <RouteLink id="rl_0001_8">
        <From>
          <StopPointRef>40004404161A</StopPointRef>
        </From>
        <To>
          <StopPointRef>40004404125A</StopPointRef>
        </To>
      </RouteLink>
      <RouteLink id="rl_0001_9">
        <From>
          <StopPointRef>40004404125A</StopPointRef>
        </From>
        <To>
          <StopPointRef>40004404124A</StopPointRef>
        </To>
      </RouteLink>
      <RouteLink id="rl_0001_10">
        <From>
          <StopPointRef>40004404124A</StopPointRef>
        </From>
        <To>
          <StopPointRef>40004404123A</StopPointRef>
        </To>
      </RouteLink>
      <RouteLink id="rl_0001_11">
        <From>
          <StopPointRef>40004404123A</StopPointRef>
        </From>
        <To>
          <StopPointRef>40004404086B</StopPointRef>
        </To>
      </RouteLink>
      <RouteLink id="rl_0001_12">
        <From>
          <StopPointRef>40004404086B</StopPointRef>
        </From>
        <To>
          <StopPointRef>40004404085B</StopPointRef>
        </To>
      </RouteLink>
      <RouteLink id="rl_0001_13">
        <From>
          <StopPointRef>40004404085B</StopPointRef>
        </From>
        <To>
          <StopPointRef>40004404084A</StopPointRef>
        </To>
      </RouteLink>
      <RouteLink id="rl_0001_14">
        <From>
          <StopPointRef>40004404084A</StopPointRef>
        </From>
        <To>
          <StopPointRef>40004404083B</StopPointRef>
        </To>
      </RouteLink>
      <RouteLink id="rl_0001_15">
        <From>
          <StopPointRef>40004404083B</StopPointRef>
        </From>
        <To>
          <StopPointRef>40004404082B</StopPointRef>
        </To>
      </RouteLink>
      <RouteLink id="rl_0001_16">
        <From>
          <StopPointRef>40004404082B</StopPointRef>
        </From>
        <To>
          <StopPointRef>40004407157A</StopPointRef>
        </To>
      </RouteLink>
      <RouteLink id="rl_0001_17">
        <From>
          <StopPointRef>40004407157A</StopPointRef>
        </From>
        <To>
          <StopPointRef>40004407156B</StopPointRef>
        </To>
      </RouteLink>
      <RouteLink id="rl_0001_18">
        <From>
          <StopPointRef>40004407156B</StopPointRef>
        </From>
        <To>
          <StopPointRef>40004407158B</StopPointRef>
        </To>
      </RouteLink>
      <RouteLink id="rl_0001_19">
        <From>
          <StopPointRef>40004407158B</StopPointRef>
        </From>
        <To>
          <StopPointRef>40004407159B</StopPointRef>
        </To>
      </RouteLink>
      <RouteLink id="rl_0001_20">
        <From>
          <StopPointRef>40004407159B</StopPointRef>
        </From>
        <To>
          <StopPointRef>40004407160B</StopPointRef>
        </To>
      </RouteLink>
      <RouteLink id="rl_0001_21">
        <From>
          <StopPointRef>40004407160B</StopPointRef>
        </From>
        <To>
          <StopPointRef>40004407161B</StopPointRef>
        </To>
      </RouteLink>
      <RouteLink id="rl_0001_22">
        <From>
          <StopPointRef>40004407161B</StopPointRef>
        </From>
        <To>
          <StopPointRef>40004407959A</StopPointRef>
        </To>
      </RouteLink>
      <RouteLink id="rl_0001_23">
        <From>
          <StopPointRef>40004407959A</StopPointRef>
        </From>
        <To>
          <StopPointRef>40004407163B</StopPointRef>
        </To>
      </RouteLink>
      <RouteLink id="rl_0001_24">
        <From>
          <StopPointRef>40004407163B</StopPointRef>
        </From>
        <To>
          <StopPointRef>40004407164B</StopPointRef>
        </To>
      </RouteLink>
      <RouteLink id="rl_0001_25">
        <From>
          <StopPointRef>40004407164B</StopPointRef>
        </From>
        <To>
          <StopPointRef>40004407165B</StopPointRef>
        </To>
      </RouteLink>
      <RouteLink id="rl_0001_26">
        <From>
          <StopPointRef>40004407165B</StopPointRef>
        </From>
        <To>
          <StopPointRef>40004407166B</StopPointRef>
        </To>
      </RouteLink>
      <RouteLink id="rl_0001_27">
        <From>
          <StopPointRef>40004407166B</StopPointRef>
        </From>
        <To>
          <StopPointRef>40004407167B</StopPointRef>
        </To>
      </RouteLink>
      <RouteLink id="rl_0001_28">
        <From>
          <StopPointRef>40004407167B</StopPointRef>
        </From>
        <To>
          <StopPointRef>40004407168B</StopPointRef>
        </To>
      </RouteLink>
      <RouteLink id="rl_0001_29">
        <From>
          <StopPointRef>40004407168B</StopPointRef>
        </From>
        <To>
          <StopPointRef>40004407169B</StopPointRef>
        </To>
      </RouteLink>
      <RouteLink id="rl_0001_30">
        <From>
          <StopPointRef>40004407169B</StopPointRef>
        </From>
        <To>
          <StopPointRef>40004407170B</StopPointRef>
        </To>
      </RouteLink>
    </RouteSection>
    <RouteSection id="rsf_0002">
      <RouteLink id="rl_0002_1">
        <From>
          <StopPointRef>40004407170A</StopPointRef>
        </From>
        <To>
          <StopPointRef>40004407169A</StopPointRef>
        </To>
      </RouteLink>
      <RouteLink id="rl_0002_2">
        <From>
          <StopPointRef>40004407169A</StopPointRef>
        </From>
        <To>
          <StopPointRef>40004407168A</StopPointRef>
        </To>
      </RouteLink>
      <RouteLink id="rl_0002_3">
        <From>
          <StopPointRef>40004407168A</StopPointRef>
        </From>
        <To>
          <StopPointRef>40004407167A</StopPointRef>
        </To>
      </RouteLink>
      <RouteLink id="rl_0002_4">
        <From>
          <StopPointRef>40004407167A</StopPointRef>
        </From>
        <To>
          <StopPointRef>40004407166A</StopPointRef>
        </To>
      </RouteLink>
      <RouteLink id="rl_0002_5">
        <From>
          <StopPointRef>40004407166A</StopPointRef>
        </From>
        <To>
          <StopPointRef>40004407165A</StopPointRef>
        </To>
      </RouteLink>
      <RouteLink id="rl_0002_6">
        <From>
          <StopPointRef>40004407165A</StopPointRef>
        </From>
        <To>
          <StopPointRef>40004407164A</StopPointRef>
        </To>
      </RouteLink>
      <RouteLink id="rl_0002_7">
        <From>
          <StopPointRef>40004407164A</StopPointRef>
        </From>
        <To>
          <StopPointRef>40004407163A</StopPointRef>
        </To>
      </RouteLink>
      <RouteLink id="rl_0002_8">
        <From>
          <StopPointRef>40004407163A</StopPointRef>
        </From>
        <To>
          <StopPointRef>40004407956A</StopPointRef>
        </To>
      </RouteLink>
      <RouteLink id="rl_0002_9">
        <From>
          <StopPointRef>40004407956A</StopPointRef>
        </From>
        <To>
          <StopPointRef>40004407161A</StopPointRef>
        </To>
      </RouteLink>
      <RouteLink id="rl_0002_10">
        <From>
          <StopPointRef>40004407161A</StopPointRef>
        </From>
        <To>
          <StopPointRef>40004407160A</StopPointRef>
        </To>
      </RouteLink>
      <RouteLink id="rl_0002_11">
        <From>
          <StopPointRef>40004407160A</StopPointRef>
        </From>
        <To>
          <StopPointRef>40004407159A</StopPointRef>
        </To>
      </RouteLink>
      <RouteLink id="rl_0002_12">
        <From>
          <StopPointRef>40004407159A</StopPointRef>
        </From>
        <To>
          <StopPointRef>40004407979A</StopPointRef>
        </To>
      </RouteLink>
      <RouteLink id="rl_0002_13">
        <From>
          <StopPointRef>40004407979A</StopPointRef>
        </From>
        <To>
          <StopPointRef>40004407157A</StopPointRef>
        </To>
      </RouteLink>
      <RouteLink id="rl_0002_14">
        <From>
          <StopPointRef>40004407157A</StopPointRef>
        </From>
        <To>
          <StopPointRef>40004407156B</StopPointRef>
        </To>
      </RouteLink>
      <RouteLink id="rl_0002_15">
        <From>
          <StopPointRef>40004407156B</StopPointRef>
        </From>
        <To>
          <StopPointRef>40004404082A</StopPointRef>
        </To>
      </RouteLink>
      <RouteLink id="rl_0002_16">
        <From>
          <StopPointRef>40004404082A</StopPointRef>
        </From>
        <To>
          <StopPointRef>40004404083A</StopPointRef>
        </To>
      </RouteLink>
      <RouteLink id="rl_0002_17">
        <From>
          <StopPointRef>40004404083A</StopPointRef>
        </From>
        <To>
          <StopPointRef>40004404084B</StopPointRef>
        </To>
      </RouteLink>
      <RouteLink id="rl_0002_18">
        <From>
          <StopPointRef>40004404084B</StopPointRef>
        </From>
        <To>
          <StopPointRef>40004404085A</StopPointRef>
        </To>
      </RouteLink>
      <RouteLink id="rl_0002_19">
        <From>
          <StopPointRef>40004404085A</StopPointRef>
        </From>
        <To>
          <StopPointRef>40004404086D</StopPointRef>
        </To>
      </RouteLink>
      <RouteLink id="rl_0002_20">
        <From>
          <StopPointRef>40004404086D</StopPointRef>
        </From>
        <To>
          <StopPointRef>40004404123B</StopPointRef>
        </To>
      </RouteLink>
      <RouteLink id="rl_0002_21">
        <From>
          <StopPointRef>40004404123B</StopPointRef>
        </From>
        <To>
          <StopPointRef>40004404597A</StopPointRef>
        </To>
      </RouteLink>
      <RouteLink id="rl_0002_22">
        <From>
          <StopPointRef>40004404597A</StopPointRef>
        </From>
        <To>
          <StopPointRef>40004404125B</StopPointRef>
        </To>
      </RouteLink>
      <RouteLink id="rl_0002_23">
        <From>
          <StopPointRef>40004404125B</StopPointRef>
        </From>
        <To>
          <StopPointRef>40004404126B</StopPointRef>
        </To>
      </RouteLink>
      <RouteLink id="rl_0002_24">
        <From>
          <StopPointRef>40004404126B</StopPointRef>
        </From>
        <To>
          <StopPointRef>40004404161B</StopPointRef>
        </To>
      </RouteLink>
      <RouteLink id="rl_0002_25">
        <From>
          <StopPointRef>40004404161B</StopPointRef>
        </From>
        <To>
          <StopPointRef>40004404127B</StopPointRef>
        </To>
      </RouteLink>
      <RouteLink id="rl_0002_26">
        <From>
          <StopPointRef>40004404127B</StopPointRef>
        </From>
        <To>
          <StopPointRef>40004404132B</StopPointRef>
        </To>
      </RouteLink>
      <RouteLink id="rl_0002_27">
        <From>
          <StopPointRef>40004404132B</StopPointRef>
        </From>
        <To>
          <StopPointRef>40004404133B</StopPointRef>
        </To>
      </RouteLink>
      <RouteLink id="rl_0002_28">
        <From>
          <StopPointRef>40004404133B</StopPointRef>
        </From>
        <To>
          <StopPointRef>40004404131B</StopPointRef>
        </To>
      </RouteLink>
      <RouteLink id="rl_0002_29">
        <From>
          <StopPointRef>40004404131B</StopPointRef>
        </From>
        <To>
          <StopPointRef>40004404076B</StopPointRef>
        </To>
      </RouteLink>
      <RouteLink id="rl_0002_30">
        <From>
          <StopPointRef>40004404076B</StopPointRef>
        </From>
        <To>
          <StopPointRef>40004404069A</StopPointRef>
        </To>
      </RouteLink>
      <RouteLink id="rl_0002_31">
        <From>
          <StopPointRef>40004404069A</StopPointRef>
        </From>
        <To>
          <StopPointRef>40004404067A</StopPointRef>
        </To>
      </RouteLink>
    </RouteSection>
  </RouteSections>
  <Routes>
    <Route id="rt_0000">
      <Description>No route description available</Description>
      <RouteSectionRef>rsf_0000</RouteSectionRef>
    </Route>
    <Route id="rt_0001">
      <Description>No route description available</Description>
      <RouteSectionRef>rsf_0001</RouteSectionRef>
    </Route>
    <Route id="rt_0002">
      <Description>No route description available</Description>
      <RouteSectionRef>rsf_0002</RouteSectionRef>
    </Route>
  </Routes>
  <JourneyPatternSections>
    <JourneyPatternSection id="js_1">
      <JourneyPatternTimingLink id="jptl_1">
        <From SequenceNumber="9">
          <Activity>pickUp</Activity>
          <StopPointRef>40004404170A</StopPointRef>
          <TimingStatus>principalTimingPoint</TimingStatus>
          <FareStageNumber>08</FareStageNumber>
        </From>
        <To SequenceNumber="11">
          <StopPointRef>40004404124A</StopPointRef>
          <TimingStatus>otherPoint</TimingStatus>
          <FareStageNumber>07</FareStageNumber>
        </To>
        <RouteLinkRef>rl_0000_1</RouteLinkRef>
        <RunTime>PT1M</RunTime>
      </JourneyPatternTimingLink>
      <JourneyPatternTimingLink id="jptl_2">
        <From SequenceNumber="11">
          <StopPointRef>40004404124A</StopPointRef>
          <TimingStatus>otherPoint</TimingStatus>
        </From>
        <To SequenceNumber="12">
          <StopPointRef>40004404123A</StopPointRef>
          <TimingStatus>otherPoint</TimingStatus>
        </To>
        <RouteLinkRef>rl_0000_2</RouteLinkRef>
        <RunTime>PT0S</RunTime>
      </JourneyPatternTimingLink>
      <JourneyPatternTimingLink id="jptl_3">
        <From SequenceNumber="12">
          <StopPointRef>40004404123A</StopPointRef>
          <TimingStatus>otherPoint</TimingStatus>
        </From>
        <To SequenceNumber="13">
          <StopPointRef>40004404086B</StopPointRef>
          <TimingStatus>otherPoint</TimingStatus>
          <FareStageNumber>06</FareStageNumber>
        </To>
        <RouteLinkRef>rl_0000_3</RouteLinkRef>
        <RunTime>PT4M</RunTime>
      </JourneyPatternTimingLink>
      <JourneyPatternTimingLink id="jptl_4">
        <From SequenceNumber="13">
          <StopPointRef>40004404086B</StopPointRef>
          <TimingStatus>otherPoint</TimingStatus>
        </From>
        <To SequenceNumber="14">
          <StopPointRef>40004404085B</StopPointRef>
          <TimingStatus>otherPoint</TimingStatus>
        </To>
        <RouteLinkRef>rl_0000_4</RouteLinkRef>
        <RunTime>PT1M</RunTime>
      </JourneyPatternTimingLink>
      <JourneyPatternTimingLink id="jptl_5">
        <From SequenceNumber="14">
          <StopPointRef>40004404085B</StopPointRef>
          <TimingStatus>otherPoint</TimingStatus>
        </From>
        <To SequenceNumber="15">
          <StopPointRef>40004404084A</StopPointRef>
          <TimingStatus>principalTimingPoint</TimingStatus>
        </To>
        <RouteLinkRef>rl_0000_5</RouteLinkRef>
        <RunTime>PT1M</RunTime>
      </JourneyPatternTimingLink>
      <JourneyPatternTimingLink id="jptl_6">
        <From SequenceNumber="15">
          <StopPointRef>40004404084A</StopPointRef>
          <TimingStatus>principalTimingPoint</TimingStatus>
        </From>
        <To SequenceNumber="16">
          <StopPointRef>40004404083B</StopPointRef>
          <TimingStatus>otherPoint</TimingStatus>
        </To>
        <RouteLinkRef>rl_0000_6</RouteLinkRef>
        <RunTime>PT0S</RunTime>
      </JourneyPatternTimingLink>
      <JourneyPatternTimingLink id="jptl_7">
        <From SequenceNumber="16">
          <StopPointRef>40004404083B</StopPointRef>
          <TimingStatus>otherPoint</TimingStatus>
        </From>
        <To SequenceNumber="17">
          <StopPointRef>40004404082B</StopPointRef>
          <TimingStatus>otherPoint</TimingStatus>
        </To>
        <RouteLinkRef>rl_0000_7</RouteLinkRef>
        <RunTime>PT1M</RunTime>
      </JourneyPatternTimingLink>
      <JourneyPatternTimingLink id="jptl_8">
        <From SequenceNumber="17">
          <StopPointRef>40004404082B</StopPointRef>
          <TimingStatus>otherPoint</TimingStatus>
        </From>
        <To SequenceNumber="18">
          <StopPointRef>40004407157A</StopPointRef>
          <TimingStatus>otherPoint</TimingStatus>
          <FareStageNumber>05</FareStageNumber>
        </To>
        <RouteLinkRef>rl_0000_8</RouteLinkRef>
        <RunTime>PT2M</RunTime>
      </JourneyPatternTimingLink>
      <JourneyPatternTimingLink id="jptl_9">
        <From SequenceNumber="18">
          <StopPointRef>40004407157A</StopPointRef>
          <TimingStatus>otherPoint</TimingStatus>
        </From>
        <To SequenceNumber="19">
          <StopPointRef>40004407156B</StopPointRef>
          <TimingStatus>principalTimingPoint</TimingStatus>
        </To>
        <RouteLinkRef>rl_0000_9</RouteLinkRef>
        <RunTime>PT2M</RunTime>
      </JourneyPatternTimingLink>
      <JourneyPatternTimingLink id="jptl_10">
        <From SequenceNumber="19">
          <StopPointRef>40004407156B</StopPointRef>
          <TimingStatus>principalTimingPoint</TimingStatus>
        </From>
        <To SequenceNumber="20">
          <StopPointRef>40004407158B</StopPointRef>
          <TimingStatus>otherPoint</TimingStatus>
        </To>
        <RouteLinkRef>rl_0000_10</RouteLinkRef>
        <RunTime>PT1M</RunTime>
      </JourneyPatternTimingLink>
      <JourneyPatternTimingLink id="jptl_11">
        <From SequenceNumber="20">
          <StopPointRef>40004407158B</StopPointRef>
          <TimingStatus>otherPoint</TimingStatus>
        </From>
        <To SequenceNumber="21">
          <StopPointRef>40004407159B</StopPointRef>
          <TimingStatus>otherPoint</TimingStatus>
        </To>
        <RouteLinkRef>rl_0000_11</RouteLinkRef>
        <RunTime>PT1M</RunTime>
      </JourneyPatternTimingLink>
      <JourneyPatternTimingLink id="jptl_12">
        <From SequenceNumber="21">
          <StopPointRef>40004407159B</StopPointRef>
          <TimingStatus>otherPoint</TimingStatus>
        </From>
        <To SequenceNumber="22">
          <StopPointRef>40004407160B</StopPointRef>
          <TimingStatus>otherPoint</TimingStatus>
          <FareStageNumber>04</FareStageNumber>
        </To>
        <RouteLinkRef>rl_0000_12</RouteLinkRef>
        <RunTime>PT0S</RunTime>
      </JourneyPatternTimingLink>
      <JourneyPatternTimingLink id="jptl_13">
        <From SequenceNumber="22">
          <StopPointRef>40004407160B</StopPointRef>
          <TimingStatus>otherPoint</TimingStatus>
        </From>
        <To SequenceNumber="23">
          <StopPointRef>40004407161B</StopPointRef>
          <TimingStatus>principalTimingPoint</TimingStatus>
        </To>
        <RouteLinkRef>rl_0000_13</RouteLinkRef>
        <RunTime>PT2M</RunTime>
      </JourneyPatternTimingLink>
      <JourneyPatternTimingLink id="jptl_14">
        <From SequenceNumber="23">
          <StopPointRef>40004407161B</StopPointRef>
          <TimingStatus>principalTimingPoint</TimingStatus>
        </From>
        <To SequenceNumber="24">
          <StopPointRef>40004407959A</StopPointRef>
          <TimingStatus>otherPoint</TimingStatus>
        </To>
        <RouteLinkRef>rl_0000_14</RouteLinkRef>
        <RunTime>PT0S</RunTime>
      </JourneyPatternTimingLink>
      <JourneyPatternTimingLink id="jptl_15">
        <From SequenceNumber="24">
          <StopPointRef>40004407959A</StopPointRef>
          <TimingStatus>otherPoint</TimingStatus>
        </From>
        <To SequenceNumber="25">
          <StopPointRef>40004407163B</StopPointRef>
          <TimingStatus>principalTimingPoint</TimingStatus>
          <FareStageNumber>03</FareStageNumber>
        </To>
        <RouteLinkRef>rl_0000_15</RouteLinkRef>
        <RunTime>PT3M</RunTime>
      </JourneyPatternTimingLink>
      <JourneyPatternTimingLink id="jptl_16">
        <From SequenceNumber="25">
          <StopPointRef>40004407163B</StopPointRef>
          <TimingStatus>principalTimingPoint</TimingStatus>
        </From>
        <To SequenceNumber="26">
          <StopPointRef>40004407164B</StopPointRef>
          <TimingStatus>otherPoint</TimingStatus>
        </To>
        <RouteLinkRef>rl_0000_16</RouteLinkRef>
        <RunTime>PT0S</RunTime>
      </JourneyPatternTimingLink>
      <JourneyPatternTimingLink id="jptl_17">
        <From SequenceNumber="26">
          <StopPointRef>40004407164B</StopPointRef>
          <TimingStatus>otherPoint</TimingStatus>
        </From>
        <To SequenceNumber="27">
          <StopPointRef>40004407165B</StopPointRef>
          <TimingStatus>otherPoint</TimingStatus>
        </To>
        <RouteLinkRef>rl_0000_17</RouteLinkRef>
        <RunTime>PT1M</RunTime>
      </JourneyPatternTimingLink>
      <JourneyPatternTimingLink id="jptl_18">
        <From SequenceNumber="27">
          <StopPointRef>40004407165B</StopPointRef>
          <TimingStatus>otherPoint</TimingStatus>
        </From>
        <To SequenceNumber="28">
          <StopPointRef>40004407166B</StopPointRef>
          <TimingStatus>principalTimingPoint</TimingStatus>
          <FareStageNumber>02</FareStageNumber>
        </To>
        <RouteLinkRef>rl_0000_18</RouteLinkRef>
        <RunTime>PT1M</RunTime>
      </JourneyPatternTimingLink>
      <JourneyPatternTimingLink id="jptl_19">
        <From SequenceNumber="28">
          <StopPointRef>40004407166B</StopPointRef>
          <TimingStatus>principalTimingPoint</TimingStatus>
        </From>
        <To SequenceNumber="29">
          <StopPointRef>40004407167B</StopPointRef>
          <TimingStatus>otherPoint</TimingStatus>
        </To>
        <RouteLinkRef>rl_0000_19</RouteLinkRef>
        <RunTime>PT0S</RunTime>
      </JourneyPatternTimingLink>
      <JourneyPatternTimingLink id="jptl_20">
        <From SequenceNumber="29">
          <StopPointRef>40004407167B</StopPointRef>
          <TimingStatus>otherPoint</TimingStatus>
        </From>
        <To SequenceNumber="30">
          <StopPointRef>40004407168B</StopPointRef>
          <TimingStatus>otherPoint</TimingStatus>
        </To>
        <RouteLinkRef>rl_0000_20</RouteLinkRef>
        <RunTime>PT1M</RunTime>
      </JourneyPatternTimingLink>
      <JourneyPatternTimingLink id="jptl_21">
        <From SequenceNumber="30">
          <StopPointRef>40004407168B</StopPointRef>
          <TimingStatus>otherPoint</TimingStatus>
        </From>
        <To SequenceNumber="31">
          <Activity>setDown</Activity>
          <StopPointRef>40004407169B</StopPointRef>
          <TimingStatus>principalTimingPoint</TimingStatus>
        </To>
        <RouteLinkRef>rl_0000_21</RouteLinkRef>
        <RunTime>PT1M</RunTime>
      </JourneyPatternTimingLink>
    </JourneyPatternSection>
    <JourneyPatternSection id="js_2">
      <JourneyPatternTimingLink id="jptl_22">
        <From SequenceNumber="1">
          <Activity>pickUp</Activity>
          <StopPointRef>40004404067B</StopPointRef>
          <TimingStatus>principalTimingPoint</TimingStatus>
          <FareStageNumber>09</FareStageNumber>
        </From>
        <To SequenceNumber="2">
          <StopPointRef>40004404069B</StopPointRef>
          <TimingStatus>otherPoint</TimingStatus>
        </To>
        <RouteLinkRef>rl_0001_1</RouteLinkRef>
        <RunTime>PT0S</RunTime>
      </JourneyPatternTimingLink>
      <JourneyPatternTimingLink id="jptl_23">
        <From SequenceNumber="2">
          <StopPointRef>40004404069B</StopPointRef>
          <TimingStatus>otherPoint</TimingStatus>
        </From>
        <To SequenceNumber="3">
          <StopPointRef>40004404076A</StopPointRef>
          <TimingStatus>otherPoint</TimingStatus>
        </To>
        <RouteLinkRef>rl_0001_2</RouteLinkRef>
        <RunTime>PT2M</RunTime>
      </JourneyPatternTimingLink>
      <JourneyPatternTimingLink id="jptl_24">
        <From SequenceNumber="3">
          <StopPointRef>40004404076A</StopPointRef>
          <TimingStatus>otherPoint</TimingStatus>
        </From>
        <To SequenceNumber="4">
          <StopPointRef>40004404131A</StopPointRef>
          <TimingStatus>otherPoint</TimingStatus>
        </To>
        <RouteLinkRef>rl_0001_3</RouteLinkRef>
        <RunTime>PT1M</RunTime>
      </JourneyPatternTimingLink>
      <JourneyPatternTimingLink id="jptl_25">
        <From SequenceNumber="4">
          <StopPointRef>40004404131A</StopPointRef>
          <TimingStatus>otherPoint</TimingStatus>
        </From>
        <To SequenceNumber="5">
          <StopPointRef>40004404133A</StopPointRef>
          <TimingStatus>otherPoint</TimingStatus>
          <FareStageNumber>08</FareStageNumber>
        </To>
        <RouteLinkRef>rl_0001_4</RouteLinkRef>
        <RunTime>PT2M</RunTime>
      </JourneyPatternTimingLink>
      <JourneyPatternTimingLink id="jptl_26">
        <From SequenceNumber="5">
          <StopPointRef>40004404133A</StopPointRef>
          <TimingStatus>otherPoint</TimingStatus>
        </From>
        <To SequenceNumber="6">
          <StopPointRef>40004404132A</StopPointRef>
          <TimingStatus>otherPoint</TimingStatus>
        </To>
        <RouteLinkRef>rl_0001_5</RouteLinkRef>
        <RunTime>PT1M</RunTime>
      </JourneyPatternTimingLink>
      <JourneyPatternTimingLink id="jptl_27">
        <From SequenceNumber="6">
          <StopPointRef>40004404132A</StopPointRef>
          <TimingStatus>otherPoint</TimingStatus>
        </From>
        <To SequenceNumber="7">
          <StopPointRef>40004404127A</StopPointRef>
          <TimingStatus>principalTimingPoint</TimingStatus>
        </To>
        <RouteLinkRef>rl_0001_6</RouteLinkRef>
        <RunTime>PT2M</RunTime>
      </JourneyPatternTimingLink>
      <JourneyPatternTimingLink id="jptl_28">
        <From SequenceNumber="7">
          <StopPointRef>40004404127A</StopPointRef>
          <TimingStatus>principalTimingPoint</TimingStatus>
        </From>
        <To SequenceNumber="8">
          <StopPointRef>40004404161A</StopPointRef>
          <TimingStatus>otherPoint</TimingStatus>
        </To>
        <RouteLinkRef>rl_0001_7</RouteLinkRef>
        <RunTime>PT0S</RunTime>
      </JourneyPatternTimingLink>
      <JourneyPatternTimingLink id="jptl_29">
        <From SequenceNumber="8">
          <StopPointRef>40004404161A</StopPointRef>
          <TimingStatus>otherPoint</TimingStatus>
        </From>
        <To SequenceNumber="10">
          <StopPointRef>40004404125A</StopPointRef>
          <TimingStatus>principalTimingPoint</TimingStatus>
        </To>
        <RouteLinkRef>rl_0001_8</RouteLinkRef>
        <RunTime>PT2M</RunTime>
      </JourneyPatternTimingLink>
      <JourneyPatternTimingLink id="jptl_30">
        <From SequenceNumber="10">
          <StopPointRef>40004404125A</StopPointRef>
          <TimingStatus>principalTimingPoint</TimingStatus>
        </From>
        <To SequenceNumber="11">
          <StopPointRef>40004404124A</StopPointRef>
          <TimingStatus>otherPoint</TimingStatus>
          <FareStageNumber>07</FareStageNumber>
        </To>
        <RouteLinkRef>rl_0001_9</RouteLinkRef>
        <RunTime>PT1M</RunTime>
      </JourneyPatternTimingLink>
      <JourneyPatternTimingLink id="jptl_31">
        <From SequenceNumber="11">
          <StopPointRef>40004404124A</StopPointRef>
          <TimingStatus>otherPoint</TimingStatus>
        </From>
        <To SequenceNumber="12">
          <StopPointRef>40004404123A</StopPointRef>
          <TimingStatus>otherPoint</TimingStatus>
        </To>
        <RouteLinkRef>rl_0001_10</RouteLinkRef>
        <RunTime>PT4M</RunTime>
      </JourneyPatternTimingLink>
      <JourneyPatternTimingLink id="jptl_32">
        <From SequenceNumber="12">
          <StopPointRef>40004404123A</StopPointRef>
          <TimingStatus>otherPoint</TimingStatus>
        </From>
        <To SequenceNumber="13">
          <StopPointRef>40004404086B</StopPointRef>
          <TimingStatus>otherPoint</TimingStatus>
          <FareStageNumber>06</FareStageNumber>
        </To>
        <RouteLinkRef>rl_0001_11</RouteLinkRef>
        <RunTime>PT1M</RunTime>
      </JourneyPatternTimingLink>
      <JourneyPatternTimingLink id="jptl_33">
        <From SequenceNumber="13">
          <StopPointRef>40004404086B</StopPointRef>
          <TimingStatus>otherPoint</TimingStatus>
        </From>
        <To SequenceNumber="14">
          <StopPointRef>40004404085B</StopPointRef>
          <TimingStatus>otherPoint</TimingStatus>
        </To>
        <RouteLinkRef>rl_0001_12</RouteLinkRef>
        <RunTime>PT1M</RunTime>
      </JourneyPatternTimingLink>
      <JourneyPatternTimingLink id="jptl_34">
        <From SequenceNumber="14">
          <StopPointRef>40004404085B</StopPointRef>
          <TimingStatus>otherPoint</TimingStatus>
        </From>
        <To SequenceNumber="15">
          <StopPointRef>40004404084A</StopPointRef>
          <TimingStatus>principalTimingPoint</TimingStatus>
        </To>
        <RouteLinkRef>rl_0001_13</RouteLinkRef>
        <RunTime>PT0S</RunTime>
      </JourneyPatternTimingLink>
      <JourneyPatternTimingLink id="jptl_35">
        <From SequenceNumber="15">
          <StopPointRef>40004404084A</StopPointRef>
          <TimingStatus>principalTimingPoint</TimingStatus>
        </From>
        <To SequenceNumber="16">
          <StopPointRef>40004404083B</StopPointRef>
          <TimingStatus>otherPoint</TimingStatus>
        </To>
        <RouteLinkRef>rl_0001_14</RouteLinkRef>
        <RunTime>PT0S</RunTime>
      </JourneyPatternTimingLink>
      <JourneyPatternTimingLink id="jptl_36">
        <From SequenceNumber="16">
          <StopPointRef>40004404083B</StopPointRef>
          <TimingStatus>otherPoint</TimingStatus>
        </From>
        <To SequenceNumber="17">
          <StopPointRef>40004404082B</StopPointRef>
          <TimingStatus>otherPoint</TimingStatus>
        </To>
        <RouteLinkRef>rl_0001_15</RouteLinkRef>
        <RunTime>PT1M</RunTime>
      </JourneyPatternTimingLink>
      <JourneyPatternTimingLink id="jptl_37">
        <From SequenceNumber="17">
          <StopPointRef>40004404082B</StopPointRef>
          <TimingStatus>otherPoint</TimingStatus>
        </From>
        <To SequenceNumber="18">
          <StopPointRef>40004407157A</StopPointRef>
          <TimingStatus>otherPoint</TimingStatus>
          <FareStageNumber>05</FareStageNumber>
        </To>
        <RouteLinkRef>rl_0001_16</RouteLinkRef>
        <RunTime>PT2M</RunTime>
      </JourneyPatternTimingLink>
      <JourneyPatternTimingLink id="jptl_38">
        <From SequenceNumber="18">
          <StopPointRef>40004407157A</StopPointRef>
          <TimingStatus>otherPoint</TimingStatus>
        </From>
        <To SequenceNumber="19">
          <StopPointRef>40004407156B</StopPointRef>
          <TimingStatus>principalTimingPoint</TimingStatus>
        </To>
        <RouteLinkRef>rl_0001_17</RouteLinkRef>
        <RunTime>PT2M</RunTime>
      </JourneyPatternTimingLink>
      <JourneyPatternTimingLink id="jptl_39">
        <From SequenceNumber="19">
          <StopPointRef>40004407156B</StopPointRef>
          <TimingStatus>principalTimingPoint</TimingStatus>
        </From>
        <To SequenceNumber="20">
          <StopPointRef>40004407158B</StopPointRef>
          <TimingStatus>otherPoint</TimingStatus>
        </To>
        <RouteLinkRef>rl_0001_18</RouteLinkRef>
        <RunTime>PT1M</RunTime>
      </JourneyPatternTimingLink>
      <JourneyPatternTimingLink id="jptl_40">
        <From SequenceNumber="20">
          <StopPointRef>40004407158B</StopPointRef>
          <TimingStatus>otherPoint</TimingStatus>
        </From>
        <To SequenceNumber="21">
          <StopPointRef>40004407159B</StopPointRef>
          <TimingStatus>otherPoint</TimingStatus>
        </To>
        <RouteLinkRef>rl_0001_19</RouteLinkRef>
        <RunTime>PT1M</RunTime>
      </JourneyPatternTimingLink>
      <JourneyPatternTimingLink id="jptl_41">
        <From SequenceNumber="21">
          <StopPointRef>40004407159B</StopPointRef>
          <TimingStatus>otherPoint</TimingStatus>
        </From>
        <To SequenceNumber="22">
          <StopPointRef>40004407160B</StopPointRef>
          <TimingStatus>otherPoint</TimingStatus>
          <FareStageNumber>04</FareStageNumber>
        </To>
        <RouteLinkRef>rl_0001_20</RouteLinkRef>
        <RunTime>PT0S</RunTime>
      </JourneyPatternTimingLink>
      <JourneyPatternTimingLink id="jptl_42">
        <From SequenceNumber="22">
          <StopPointRef>40004407160B</StopPointRef>
          <TimingStatus>otherPoint</TimingStatus>
        </From>
        <To SequenceNumber="23">
          <StopPointRef>40004407161B</StopPointRef>
          <TimingStatus>principalTimingPoint</TimingStatus>
        </To>
        <RouteLinkRef>rl_0001_21</RouteLinkRef>
        <RunTime>PT2M</RunTime>
      </JourneyPatternTimingLink>
      <JourneyPatternTimingLink id="jptl_43">
        <From SequenceNumber="23">
          <StopPointRef>40004407161B</StopPointRef>
          <TimingStatus>principalTimingPoint</TimingStatus>
        </From>
        <To SequenceNumber="24">
          <StopPointRef>40004407959A</StopPointRef>
          <TimingStatus>otherPoint</TimingStatus>
        </To>
        <RouteLinkRef>rl_0001_22</RouteLinkRef>
        <RunTime>PT0S</RunTime>
      </JourneyPatternTimingLink>
      <JourneyPatternTimingLink id="jptl_44">
        <From SequenceNumber="24">
          <StopPointRef>40004407959A</StopPointRef>
          <TimingStatus>otherPoint</TimingStatus>
        </From>
        <To SequenceNumber="25">
          <StopPointRef>40004407163B</StopPointRef>
          <TimingStatus>principalTimingPoint</TimingStatus>
          <FareStageNumber>03</FareStageNumber>
        </To>
        <RouteLinkRef>rl_0001_23</RouteLinkRef>
        <RunTime>PT3M</RunTime>
      </JourneyPatternTimingLink>
      <JourneyPatternTimingLink id="jptl_45">
        <From SequenceNumber="25">
          <StopPointRef>40004407163B</StopPointRef>
          <TimingStatus>principalTimingPoint</TimingStatus>
        </From>
        <To SequenceNumber="26">
          <StopPointRef>40004407164B</StopPointRef>
          <TimingStatus>otherPoint</TimingStatus>
        </To>
        <RouteLinkRef>rl_0001_24</RouteLinkRef>
        <RunTime>PT0S</RunTime>
      </JourneyPatternTimingLink>
      <JourneyPatternTimingLink id="jptl_46">
        <From SequenceNumber="26">
          <StopPointRef>40004407164B</StopPointRef>
          <TimingStatus>otherPoint</TimingStatus>
        </From>
        <To SequenceNumber="27">
          <StopPointRef>40004407165B</StopPointRef>
          <TimingStatus>otherPoint</TimingStatus>
        </To>
        <RouteLinkRef>rl_0001_25</RouteLinkRef>
        <RunTime>PT1M</RunTime>
      </JourneyPatternTimingLink>
      <JourneyPatternTimingLink id="jptl_47">
        <From SequenceNumber="27">
          <StopPointRef>40004407165B</StopPointRef>
          <TimingStatus>otherPoint</TimingStatus>
        </From>
        <To SequenceNumber="28">
          <StopPointRef>40004407166B</StopPointRef>
          <TimingStatus>principalTimingPoint</TimingStatus>
          <FareStageNumber>02</FareStageNumber>
        </To>
        <RouteLinkRef>rl_0001_26</RouteLinkRef>
        <RunTime>PT1M</RunTime>
      </JourneyPatternTimingLink>
      <JourneyPatternTimingLink id="jptl_48">
        <From SequenceNumber="28">
          <StopPointRef>40004407166B</StopPointRef>
          <TimingStatus>principalTimingPoint</TimingStatus>
        </From>
        <To SequenceNumber="29">
          <StopPointRef>40004407167B</StopPointRef>
          <TimingStatus>otherPoint</TimingStatus>
        </To>
        <RouteLinkRef>rl_0001_27</RouteLinkRef>
        <RunTime>PT0S</RunTime>
      </JourneyPatternTimingLink>
      <JourneyPatternTimingLink id="jptl_49">
        <From SequenceNumber="29">
          <StopPointRef>40004407167B</StopPointRef>
          <TimingStatus>otherPoint</TimingStatus>
        </From>
        <To SequenceNumber="30">
          <StopPointRef>40004407168B</StopPointRef>
          <TimingStatus>otherPoint</TimingStatus>
        </To>
        <RouteLinkRef>rl_0001_28</RouteLinkRef>
        <RunTime>PT1M</RunTime>
      </JourneyPatternTimingLink>
      <JourneyPatternTimingLink id="jptl_50">
        <From SequenceNumber="30">
          <StopPointRef>40004407168B</StopPointRef>
          <TimingStatus>otherPoint</TimingStatus>
        </From>
        <To SequenceNumber="31">
          <StopPointRef>40004407169B</StopPointRef>
          <TimingStatus>principalTimingPoint</TimingStatus>
        </To>
        <RouteLinkRef>rl_0001_29</RouteLinkRef>
        <RunTime>PT1M</RunTime>
      </JourneyPatternTimingLink>
      <JourneyPatternTimingLink id="jptl_51">
        <From SequenceNumber="31">
          <StopPointRef>40004407169B</StopPointRef>
          <TimingStatus>principalTimingPoint</TimingStatus>
        </From>
        <To SequenceNumber="32">
          <Activity>setDown</Activity>
          <StopPointRef>40004407170B</StopPointRef>
          <TimingStatus>principalTimingPoint</TimingStatus>
          <FareStageNumber>01</FareStageNumber>
        </To>
        <RouteLinkRef>rl_0001_30</RouteLinkRef>
        <RunTime>PT2M</RunTime>
      </JourneyPatternTimingLink>
    </JourneyPatternSection>
    <JourneyPatternSection id="js_3">
      <JourneyPatternTimingLink id="jptl_52">
        <From SequenceNumber="1">
          <Activity>pickUp</Activity>
          <StopPointRef>40004407170A</StopPointRef>
          <TimingStatus>principalTimingPoint</TimingStatus>
          <FareStageNumber>01</FareStageNumber>
        </From>
        <To SequenceNumber="2">
          <StopPointRef>40004407169A</StopPointRef>
          <TimingStatus>otherPoint</TimingStatus>
        </To>
        <RouteLinkRef>rl_0002_1</RouteLinkRef>
        <RunTime>PT2M</RunTime>
      </JourneyPatternTimingLink>
      <JourneyPatternTimingLink id="jptl_53">
        <From SequenceNumber="2">
          <StopPointRef>40004407169A</StopPointRef>
          <TimingStatus>otherPoint</TimingStatus>
        </From>
        <To SequenceNumber="3">
          <StopPointRef>40004407168A</StopPointRef>
          <TimingStatus>principalTimingPoint</TimingStatus>
        </To>
        <RouteLinkRef>rl_0002_2</RouteLinkRef>
        <RunTime>PT0S</RunTime>
      </JourneyPatternTimingLink>
      <JourneyPatternTimingLink id="jptl_54">
        <From SequenceNumber="3">
          <StopPointRef>40004407168A</StopPointRef>
          <TimingStatus>principalTimingPoint</TimingStatus>
        </From>
        <To SequenceNumber="4">
          <StopPointRef>40004407167A</StopPointRef>
          <TimingStatus>otherPoint</TimingStatus>
        </To>
        <RouteLinkRef>rl_0002_3</RouteLinkRef>
        <RunTime>PT1M</RunTime>
      </JourneyPatternTimingLink>
      <JourneyPatternTimingLink id="jptl_55">
        <From SequenceNumber="4">
          <StopPointRef>40004407167A</StopPointRef>
          <TimingStatus>otherPoint</TimingStatus>
        </From>
        <To SequenceNumber="5">
          <StopPointRef>40004407166A</StopPointRef>
          <TimingStatus>principalTimingPoint</TimingStatus>
          <FareStageNumber>02</FareStageNumber>
        </To>
        <RouteLinkRef>rl_0002_4</RouteLinkRef>
        <RunTime>PT1M</RunTime>
      </JourneyPatternTimingLink>
      <JourneyPatternTimingLink id="jptl_56">
        <From SequenceNumber="5">
          <StopPointRef>40004407166A</StopPointRef>
          <TimingStatus>principalTimingPoint</TimingStatus>
        </From>
        <To SequenceNumber="6">
          <StopPointRef>40004407165A</StopPointRef>
          <TimingStatus>otherPoint</TimingStatus>
        </To>
        <RouteLinkRef>rl_0002_5</RouteLinkRef>
        <RunTime>PT0S</RunTime>
      </JourneyPatternTimingLink>
      <JourneyPatternTimingLink id="jptl_57">
        <From SequenceNumber="6">
          <StopPointRef>40004407165A</StopPointRef>
          <TimingStatus>otherPoint</TimingStatus>
        </From>
        <To SequenceNumber="7">
          <StopPointRef>40004407164A</StopPointRef>
          <TimingStatus>otherPoint</TimingStatus>
        </To>
        <RouteLinkRef>rl_0002_6</RouteLinkRef>
        <RunTime>PT1M</RunTime>
      </JourneyPatternTimingLink>
      <JourneyPatternTimingLink id="jptl_58">
        <From SequenceNumber="7">
          <StopPointRef>40004407164A</StopPointRef>
          <TimingStatus>otherPoint</TimingStatus>
        </From>
        <To SequenceNumber="8">
          <StopPointRef>40004407163A</StopPointRef>
          <TimingStatus>principalTimingPoint</TimingStatus>
          <FareStageNumber>03</FareStageNumber>
        </To>
        <RouteLinkRef>rl_0002_7</RouteLinkRef>
        <RunTime>PT1M</RunTime>
      </JourneyPatternTimingLink>
      <JourneyPatternTimingLink id="jptl_59">
        <From SequenceNumber="8">
          <StopPointRef>40004407163A</StopPointRef>
          <TimingStatus>principalTimingPoint</TimingStatus>
        </From>
        <To SequenceNumber="9">
          <StopPointRef>40004407956A</StopPointRef>
          <TimingStatus>otherPoint</TimingStatus>
        </To>
        <RouteLinkRef>rl_0002_8</RouteLinkRef>
        <RunTime>PT3M</RunTime>
      </JourneyPatternTimingLink>
      <JourneyPatternTimingLink id="jptl_60">
        <From SequenceNumber="9">
          <StopPointRef>40004407956A</StopPointRef>
          <TimingStatus>otherPoint</TimingStatus>
        </From>
        <To SequenceNumber="10">
          <StopPointRef>40004407161A</StopPointRef>
          <TimingStatus>principalTimingPoint</TimingStatus>
          <FareStageNumber>04</FareStageNumber>
        </To>
        <RouteLinkRef>rl_0002_9</RouteLinkRef>
        <RunTime>PT1M</RunTime>
      </JourneyPatternTimingLink>
      <JourneyPatternTimingLink id="jptl_61">
        <From SequenceNumber="10">
          <StopPointRef>40004407161A</StopPointRef>
          <TimingStatus>principalTimingPoint</TimingStatus>
        </From>
        <To SequenceNumber="11">
          <StopPointRef>40004407160A</StopPointRef>
          <TimingStatus>otherPoint</TimingStatus>
        </To>
        <RouteLinkRef>rl_0002_10</RouteLinkRef>
        <RunTime>PT1M</RunTime>
      </JourneyPatternTimingLink>
      <JourneyPatternTimingLink id="jptl_62">
        <From SequenceNumber="11">
          <StopPointRef>40004407160A</StopPointRef>
          <TimingStatus>otherPoint</TimingStatus>
        </From>
        <To SequenceNumber="12">
          <StopPointRef>40004407159A</StopPointRef>
          <TimingStatus>otherPoint</TimingStatus>
        </To>
        <RouteLinkRef>rl_0002_11</RouteLinkRef>
        <RunTime>PT1M</RunTime>
      </JourneyPatternTimingLink>
      <JourneyPatternTimingLink id="jptl_63">
        <From SequenceNumber="12">
          <StopPointRef>40004407159A</StopPointRef>
          <TimingStatus>otherPoint</TimingStatus>
        </From>
        <To SequenceNumber="13">
          <StopPointRef>40004407979A</StopPointRef>
          <TimingStatus>otherPoint</TimingStatus>
        </To>
        <RouteLinkRef>rl_0002_12</RouteLinkRef>
        <RunTime>PT1M</RunTime>
      </JourneyPatternTimingLink>
      <JourneyPatternTimingLink id="jptl_64">
        <From SequenceNumber="13">
          <StopPointRef>40004407979A</StopPointRef>
          <TimingStatus>otherPoint</TimingStatus>
        </From>
        <To SequenceNumber="14">
          <StopPointRef>40004407157A</StopPointRef>
          <TimingStatus>otherPoint</TimingStatus>
          <FareStageNumber>05</FareStageNumber>
        </To>
        <RouteLinkRef>rl_0002_13</RouteLinkRef>
        <RunTime>PT3M</RunTime>
      </JourneyPatternTimingLink>
      <JourneyPatternTimingLink id="jptl_65">
        <From SequenceNumber="14">
          <StopPointRef>40004407157A</StopPointRef>
          <TimingStatus>otherPoint</TimingStatus>
        </From>
        <To SequenceNumber="15">
          <StopPointRef>40004407156B</StopPointRef>
          <TimingStatus>principalTimingPoint</TimingStatus>
        </To>
        <RouteLinkRef>rl_0002_14</RouteLinkRef>
        <RunTime>PT3M</RunTime>
      </JourneyPatternTimingLink>
      <JourneyPatternTimingLink id="jptl_66">
        <From SequenceNumber="15">
          <StopPointRef>40004407156B</StopPointRef>
          <TimingStatus>principalTimingPoint</TimingStatus>
        </From>
        <To SequenceNumber="16">
          <StopPointRef>40004404082A</StopPointRef>
          <TimingStatus>otherPoint</TimingStatus>
          <FareStageNumber>06</FareStageNumber>
        </To>
        <RouteLinkRef>rl_0002_15</RouteLinkRef>
        <RunTime>PT5M</RunTime>
      </JourneyPatternTimingLink>
      <JourneyPatternTimingLink id="jptl_67">
        <From SequenceNumber="16">
          <StopPointRef>40004404082A</StopPointRef>
          <TimingStatus>otherPoint</TimingStatus>
        </From>
        <To SequenceNumber="17">
          <StopPointRef>40004404083A</StopPointRef>
          <TimingStatus>otherPoint</TimingStatus>
        </To>
        <RouteLinkRef>rl_0002_16</RouteLinkRef>
        <RunTime>PT1M</RunTime>
      </JourneyPatternTimingLink>
      <JourneyPatternTimingLink id="jptl_68">
        <From SequenceNumber="17">
          <StopPointRef>40004404083A</StopPointRef>
          <TimingStatus>otherPoint</TimingStatus>
        </From>
        <To SequenceNumber="18">
          <StopPointRef>40004404084B</StopPointRef>
          <TimingStatus>principalTimingPoint</TimingStatus>
        </To>
        <RouteLinkRef>rl_0002_17</RouteLinkRef>
        <RunTime>PT3M</RunTime>
      </JourneyPatternTimingLink>
      <JourneyPatternTimingLink id="jptl_69">
        <From SequenceNumber="18">
          <StopPointRef>40004404084B</StopPointRef>
          <TimingStatus>principalTimingPoint</TimingStatus>
        </From>
        <To SequenceNumber="19">
          <StopPointRef>40004404085A</StopPointRef>
          <TimingStatus>otherPoint</TimingStatus>
        </To>
        <RouteLinkRef>rl_0002_18</RouteLinkRef>
        <RunTime>PT1M</RunTime>
      </JourneyPatternTimingLink>
      <JourneyPatternTimingLink id="jptl_70">
        <From SequenceNumber="19">
          <StopPointRef>40004404085A</StopPointRef>
          <TimingStatus>otherPoint</TimingStatus>
        </From>
        <To SequenceNumber="20">
          <StopPointRef>40004404086D</StopPointRef>
          <TimingStatus>otherPoint</TimingStatus>
        </To>
        <RouteLinkRef>rl_0002_19</RouteLinkRef>
        <RunTime>PT2M</RunTime>
      </JourneyPatternTimingLink>
      <JourneyPatternTimingLink id="jptl_71">
        <From SequenceNumber="20">
          <StopPointRef>40004404086D</StopPointRef>
          <TimingStatus>otherPoint</TimingStatus>
        </From>
        <To SequenceNumber="21">
          <StopPointRef>40004404123B</StopPointRef>
          <TimingStatus>otherPoint</TimingStatus>
          <FareStageNumber>07</FareStageNumber>
        </To>
        <RouteLinkRef>rl_0002_20</RouteLinkRef>
        <RunTime>PT7M</RunTime>
      </JourneyPatternTimingLink>
      <JourneyPatternTimingLink id="jptl_72">
        <From SequenceNumber="21">
          <StopPointRef>40004404123B</StopPointRef>
          <TimingStatus>otherPoint</TimingStatus>
        </From>
        <To SequenceNumber="22">
          <StopPointRef>40004404597A</StopPointRef>
          <TimingStatus>otherPoint</TimingStatus>
        </To>
        <RouteLinkRef>rl_0002_21</RouteLinkRef>
        <RunTime>PT1M</RunTime>
      </JourneyPatternTimingLink>
      <JourneyPatternTimingLink id="jptl_73">
        <From SequenceNumber="22">
          <StopPointRef>40004404597A</StopPointRef>
          <TimingStatus>otherPoint</TimingStatus>
        </From>
        <To SequenceNumber="23">
          <StopPointRef>40004404125B</StopPointRef>
          <TimingStatus>otherPoint</TimingStatus>
        </To>
        <RouteLinkRef>rl_0002_22</RouteLinkRef>
        <RunTime>PT2M</RunTime>
      </JourneyPatternTimingLink>
      <JourneyPatternTimingLink id="jptl_74">
        <From SequenceNumber="23">
          <StopPointRef>40004404125B</StopPointRef>
          <TimingStatus>otherPoint</TimingStatus>
        </From>
        <To SequenceNumber="24">
          <StopPointRef>40004404126B</StopPointRef>
          <TimingStatus>principalTimingPoint</TimingStatus>
          <FareStageNumber>08</FareStageNumber>
        </To>
        <RouteLinkRef>rl_0002_23</RouteLinkRef>
        <RunTime>PT1M</RunTime>
      </JourneyPatternTimingLink>
      <JourneyPatternTimingLink id="jptl_75">
        <From SequenceNumber="24">
          <StopPointRef>40004404126B</StopPointRef>
          <TimingStatus>principalTimingPoint</TimingStatus>
        </From>
        <To SequenceNumber="25">
          <StopPointRef>40004404161B</StopPointRef>
          <TimingStatus>otherPoint</TimingStatus>
        </To>
        <RouteLinkRef>rl_0002_24</RouteLinkRef>
        <RunTime>PT1M</RunTime>
      </JourneyPatternTimingLink>
      <JourneyPatternTimingLink id="jptl_76">
        <From SequenceNumber="25">
          <StopPointRef>40004404161B</StopPointRef>
          <TimingStatus>otherPoint</TimingStatus>
        </From>
        <To SequenceNumber="26">
          <StopPointRef>40004404127B</StopPointRef>
          <TimingStatus>principalTimingPoint</TimingStatus>
        </To>
        <RouteLinkRef>rl_0002_25</RouteLinkRef>
        <RunTime>PT1M</RunTime>
      </JourneyPatternTimingLink>
      <JourneyPatternTimingLink id="jptl_77">
        <From SequenceNumber="26">
          <StopPointRef>40004404127B</StopPointRef>
          <TimingStatus>principalTimingPoint</TimingStatus>
        </From>
        <To SequenceNumber="27">
          <StopPointRef>40004404132B</StopPointRef>
          <TimingStatus>otherPoint</TimingStatus>
        </To>
        <RouteLinkRef>rl_0002_26</RouteLinkRef>
        <RunTime>PT1M</RunTime>
      </JourneyPatternTimingLink>
      <JourneyPatternTimingLink id="jptl_78">
        <From SequenceNumber="27">
          <StopPointRef>40004404132B</StopPointRef>
          <TimingStatus>otherPoint</TimingStatus>
        </From>
        <To SequenceNumber="28">
          <StopPointRef>40004404133B</StopPointRef>
          <TimingStatus>otherPoint</TimingStatus>
        </To>
        <RouteLinkRef>rl_0002_27</RouteLinkRef>
        <RunTime>PT2M</RunTime>
      </JourneyPatternTimingLink>
      <JourneyPatternTimingLink id="jptl_79">
        <From SequenceNumber="28">
          <StopPointRef>40004404133B</StopPointRef>
          <TimingStatus>otherPoint</TimingStatus>
        </From>
        <To SequenceNumber="29">
          <StopPointRef>40004404131B</StopPointRef>
          <TimingStatus>otherPoint</TimingStatus>
        </To>
        <RouteLinkRef>rl_0002_28</RouteLinkRef>
        <RunTime>PT3M</RunTime>
      </JourneyPatternTimingLink>
      <JourneyPatternTimingLink id="jptl_80">
        <From SequenceNumber="29">
          <StopPointRef>40004404131B</StopPointRef>
          <TimingStatus>otherPoint</TimingStatus>
        </From>
        <To SequenceNumber="30">
          <StopPointRef>40004404076B</StopPointRef>
          <TimingStatus>otherPoint</TimingStatus>
        </To>
        <RouteLinkRef>rl_0002_29</RouteLinkRef>
        <RunTime>PT1M</RunTime>
      </JourneyPatternTimingLink>
      <JourneyPatternTimingLink id="jptl_81">
        <From SequenceNumber="30">
          <StopPointRef>40004404076B</StopPointRef>
          <TimingStatus>otherPoint</TimingStatus>
        </From>
        <To SequenceNumber="31">
          <StopPointRef>40004404069A</StopPointRef>
          <TimingStatus>otherPoint</TimingStatus>
        </To>
        <RouteLinkRef>rl_0002_30</RouteLinkRef>
        <RunTime>PT2M</RunTime>
      </JourneyPatternTimingLink>
      <JourneyPatternTimingLink id="jptl_82">
        <From SequenceNumber="31">
          <StopPointRef>40004404069A</StopPointRef>
          <TimingStatus>otherPoint</TimingStatus>
        </From>
        <To SequenceNumber="32">
          <Activity>setDown</Activity>
          <StopPointRef>40004404067A</StopPointRef>
          <TimingStatus>principalTimingPoint</TimingStatus>
          <FareStageNumber>09</FareStageNumber>
        </To>
        <RouteLinkRef>rl_0002_31</RouteLinkRef>
        <RunTime>PT2M</RunTime>
      </JourneyPatternTimingLink>
    </JourneyPatternSection>
  </JourneyPatternSections>
  <Operators>
    <Operator id="tkt_oid">
      <NationalOperatorCode>FALC</NationalOperatorCode>
      <OperatorCode>FALC</OperatorCode>
      <OperatorShortName>Falcon Coaches Ltd</OperatorShortName>
      <LicenceNumber>PK1109969</LicenceNumber>
    </Operator>
  </Operators>
  <Services>
    <Service>
      <ServiceCode>PK1109969:23</ServiceCode>
      <Lines>
        <Line id="FALC:PK1109969:23:690">
          <LineName>690</LineName>
          <OutboundDescription>
            <Description>Worplesdon to Kingfield Green</Description>
          </OutboundDescription>
          <InboundDescription>
            <Description>Kingfield Green to Worplesdon</Description>
          </InboundDescription>
        </Line>
      </Lines>
      <OperatingPeriod>
        <StartDate>2025-09-01</StartDate>
      </OperatingPeriod>
      <OperatingProfile>
        <RegularDayType>
          <DaysOfWeek>
            <Monday />
            <Tuesday />
            <Wednesday />
            <Thursday />
            <Friday />
          </DaysOfWeek>
        </RegularDayType>
        <ServicedOrganisationDayType>
          <DaysOfOperation>
            <WorkingDays>
              <ServicedOrganisationRef>SSCH2526</ServicedOrganisationRef>
            </WorkingDays>
          </DaysOfOperation>
        </ServicedOrganisationDayType>
        <BankHolidayOperation>
          <DaysOfNonOperation>
            <ChristmasDay />
            <BoxingDay />
            <GoodFriday />
            <NewYearsDay />
            <LateSummerBankHolidayNotScotland />
            <MayDay />
            <EasterMonday />
            <SpringBank />
            <ChristmasDayHoliday />
            <BoxingDayHoliday />
            <NewYearsDayHoliday />
            <ChristmasEve />
            <NewYearsEve />
          </DaysOfNonOperation>
        </BankHolidayOperation>
      </OperatingProfile>
      <RegisteredOperatorRef>tkt_oid</RegisteredOperatorRef>
      <PublicUse>true</PublicUse>
      <StandardService>
        <Origin>Worplesdon</Origin>
        <Destination>Kingfield Green</Destination>
        <JourneyPattern id="jp_1">
          <DestinationDisplay>Coombe Lane</DestinationDisplay>
          <OperatorRef>tkt_oid</OperatorRef>
          <Direction>inbound</Direction>
          <RouteRef>rt_0000</RouteRef>
          <JourneyPatternSectionRefs>js_1</JourneyPatternSectionRefs>
        </JourneyPattern>
        <JourneyPattern id="jp_2">
          <DestinationDisplay>The Old School House</DestinationDisplay>
          <OperatorRef>tkt_oid</OperatorRef>
          <Direction>inbound</Direction>
          <RouteRef>rt_0001</RouteRef>
          <JourneyPatternSectionRefs>js_2</JourneyPatternSectionRefs>
        </JourneyPattern>
        <JourneyPattern id="jp_3">
          <DestinationDisplay>Kingfield Green</DestinationDisplay>
          <OperatorRef>tkt_oid</OperatorRef>
          <Direction>outbound</Direction>
          <RouteRef>rt_0002</RouteRef>
          <JourneyPatternSectionRefs>js_3</JourneyPatternSectionRefs>
        </JourneyPattern>
      </StandardService>
    </Service>
  </Services>
  <VehicleJourneys>
    <VehicleJourney>
      <OperatorRef>tkt_oid</OperatorRef>
      <Operational>
        <TicketMachine>
          <JourneyCode>1505</JourneyCode>
        </TicketMachine>
      </Operational>
      <VehicleJourneyCode>vj_1</VehicleJourneyCode>
      <ServiceRef>PK1109969:23</ServiceRef>
      <LineRef>FALC:PK1109969:23:690</LineRef>
      <JourneyPatternRef>jp_1</JourneyPatternRef>
      <DepartureTime>15:05:00</DepartureTime>
    </VehicleJourney>
    <VehicleJourney>
      <OperatorRef>tkt_oid</OperatorRef>
      <Operational>
        <TicketMachine>
          <JourneyCode>1555</JourneyCode>
        </TicketMachine>
      </Operational>
      <VehicleJourneyCode>vj_2</VehicleJourneyCode>
      <ServiceRef>PK1109969:23</ServiceRef>
      <LineRef>FALC:PK1109969:23:690</LineRef>
      <JourneyPatternRef>jp_2</JourneyPatternRef>
      <DepartureTime>15:55:00</DepartureTime>
    </VehicleJourney>
    <VehicleJourney>
      <OperatorRef>tkt_oid</OperatorRef>
      <Operational>
        <TicketMachine>
          <JourneyCode>0720</JourneyCode>
        </TicketMachine>
      </Operational>
      <VehicleJourneyCode>vj_3</VehicleJourneyCode>
      <ServiceRef>PK1109969:23</ServiceRef>
      <LineRef>FALC:PK1109969:23:690</LineRef>
      <JourneyPatternRef>jp_3</JourneyPatternRef>
      <DepartureTime>07:20:00</DepartureTime>
    </VehicleJourney>
  </VehicleJourneys>
</TransXChange>