﻿<?xml version="1.0" encoding="utf-8"?>
<TransXChange xmlns:xsi="http://www.w3.org/2001/XMLSchema-instance" SchemaVersion="2.4" CreationDateTime="2021-11-24T12:07:19" ModificationDateTime="2025-11-29T13:56:39" Modification="revise" RevisionNumber="24" FileName="FALC_436_FALCPK110996913436_20250527_-_2113999.xml" xmlns="http://www.transxchange.org.uk/">
  <StopPoints>
    <AnnotatedStopPointRef>
      <StopPointRef>40004405035B</StopPointRef>
      <CommonName>Ship Hotel</CommonName>
      <Location>
        <Longitude>-0.457008</Longitude>
        <Latitude>51.373235</Latitude>
      </Location>
    </AnnotatedStopPointRef>
    <AnnotatedStopPointRef>
      <StopPointRef>40004405034B</StopPointRef>
      <CommonName>Library Weybridge</CommonName>
      <Location>
        <Longitude>-0.460127</Longitude>
        <Latitude>51.372332</Latitude>
      </Location>
    </AnnotatedStopPointRef>
    <AnnotatedStopPointRef>
      <StopPointRef>40004405023B</StopPointRef>
      <CommonName>The Quadrant</CommonName>
      <Location>
        <Longitude>-0.462370</Longitude>
        <Latitude>51.371013</Latitude>
      </Location>
    </AnnotatedStopPointRef>
    <AnnotatedStopPointRef>
      <StopPointRef>40004405022B</StopPointRef>
      <CommonName>Melrose Road</CommonName>
      <Location>
        <Longitude>-0.460996</Longitude>
        <Latitude>51.368270</Latitude>
      </Location>
    </AnnotatedStopPointRef>
    <AnnotatedStopPointRef>
      <StopPointRef>40004405021B</StopPointRef>
      <CommonName>Elgin Road</CommonName>
      <Location>
        <Longitude>-0.459639</Longitude>
        <Latitude>51.365042</Latitude>
      </Location>
    </AnnotatedStopPointRef>
    <AnnotatedStopPointRef>
      <StopPointRef>40004405020B</StopPointRef>
      <CommonName>Weybridge Railway Station North</CommonName>
      <Location>
        <Longitude>-0.457654</Longitude>
        <Latitude>51.363002</Latitude>
      </Location>
    </AnnotatedStopPointRef>
    <AnnotatedStopPointRef>
      <StopPointRef>40004405282B</StopPointRef>
      <CommonName>Prince's Road</CommonName>
      <Location>
        <Longitude>-0.451773</Longitude>
        <Latitude>51.370406</Latitude>
      </Location>
    </AnnotatedStopPointRef>
    <AnnotatedStopPointRef>
      <StopPointRef>40004405202B</StopPointRef>
      <CommonName>Weybridge Park</CommonName>
      <Location>
        <Longitude>-0.453814</Longitude>
        <Latitude>51.366530</Latitude>
      </Location>
    </AnnotatedStopPointRef>
    <AnnotatedStopPointRef>
      <StopPointRef>40004405019B</StopPointRef>
      <CommonName>Weybridge Railway Station South</CommonName>
      <Location>
        <Longitude>-0.456378</Longitude>
        <Latitude>51.361204</Latitude>
      </Location>
    </AnnotatedStopPointRef>
    <AnnotatedStopPointRef>
      <StopPointRef>40004405018B</StopPointRef>
      <CommonName>Locke King Road</CommonName>
      <Location>
        <Longitude>-0.458041</Longitude>
        <Latitude>51.353601</Latitude>
      </Location>
    </AnnotatedStopPointRef>
    <AnnotatedStopPointRef>
      <StopPointRef>40004405020C</StopPointRef>
      <CommonName>Weybridge Railway Station North</CommonName>
      <Location>
        <Longitude>-0.456452</Longitude>
        <Latitude>51.362851</Latitude>
      </Location>
    </AnnotatedStopPointRef>
    <AnnotatedStopPointRef>
      <StopPointRef>40004405019A</StopPointRef>
      <CommonName>Weybridge Railway Station South</CommonName>
      <Location>
        <Longitude>-0.456562</Longitude>
        <Latitude>51.361556</Latitude>
      </Location>
    </AnnotatedStopPointRef>
    <AnnotatedStopPointRef>
      <StopPointRef>40004405305A</StopPointRef>
      <CommonName>Wellington Way</CommonName>
      <Location>
        <Longitude>-0.463386</Longitude>
        <Latitude>51.348815</Latitude>
      </Location>
    </AnnotatedStopPointRef>
    <AnnotatedStopPointRef>
      <StopPointRef>40004405304A</StopPointRef>
      <CommonName>Mercedes Benz World</CommonName>
      <Location>
        <Longitude>-0.469689</Longitude>
        <Latitude>51.353427</Latitude>
      </Location>
    </AnnotatedStopPointRef>
    <AnnotatedStopPointRef>
      <StopPointRef>40004405018A</StopPointRef>
      <CommonName>Locke King Road</CommonName>
      <Location>
        <Longitude>-0.457653</Longitude>
        <Latitude>51.354459</Latitude>
      </Location>
    </AnnotatedStopPointRef>
    <AnnotatedStopPointRef>
      <StopPointRef>40004405305B</StopPointRef>
      <CommonName>Wellington Way</CommonName>
      <Location>
        <Longitude>-0.463467</Longitude>
        <Latitude>51.348951</Latitude>
      </Location>
    </AnnotatedStopPointRef>
    <AnnotatedStopPointRef>
      <StopPointRef>40004405303B</StopPointRef>
      <CommonName>Barnes Wallis Drive</CommonName>
      <Location>
        <Longitude>-0.474017</Longitude>
        <Latitude>51.343028</Latitude>
      </Location>
    </AnnotatedStopPointRef>
    <AnnotatedStopPointRef>
      <StopPointRef>40004404222A</StopPointRef>
      <CommonName>Marks and Spencers</CommonName>
      <Location>
        <Longitude>-0.475435</Longitude>
        <Latitude>51.344431</Latitude>
      </Location>
    </AnnotatedStopPointRef>
    <AnnotatedStopPointRef>
      <StopPointRef>40004405303A</StopPointRef>
      <CommonName>Barnes Wallis Drive</CommonName>
      <Location>
        <Longitude>-0.473623</Longitude>
        <Latitude>51.343230</Latitude>
      </Location>
    </AnnotatedStopPointRef>
    <AnnotatedStopPointRef>
      <StopPointRef>40004404003B</StopPointRef>
      <CommonName>The Plough</CommonName>
      <Location>
        <Longitude>-0.474187</Longitude>
        <Latitude>51.339649</Latitude>
      </Location>
    </AnnotatedStopPointRef>
    <AnnotatedStopPointRef>
      <StopPointRef>40004404003A</StopPointRef>
      <CommonName>The Plough</CommonName>
      <Location>
        <Longitude>-0.473922</Longitude>
        <Latitude>51.339430</Latitude>
      </Location>
    </AnnotatedStopPointRef>
    <AnnotatedStopPointRef>
      <StopPointRef>40004404006A</StopPointRef>
      <CommonName>Church Road</CommonName>
      <Location>
        <Longitude>-0.469841</Longitude>
        <Latitude>51.336940</Latitude>
      </Location>
    </AnnotatedStopPointRef>
    <AnnotatedStopPointRef>
      <StopPointRef>40004404196B</StopPointRef>
      <CommonName>High Road</CommonName>
      <Location>
        <Longitude>-0.475354</Longitude>
        <Latitude>51.339107</Latitude>
      </Location>
    </AnnotatedStopPointRef>
    <AnnotatedStopPointRef>
      <StopPointRef>40004404196A</StopPointRef>
      <CommonName>High Road</CommonName>
      <Location>
        <Longitude>-0.473081</Longitude>
        <Latitude>51.337935</Latitude>
      </Location>
    </AnnotatedStopPointRef>
    <AnnotatedStopPointRef>
      <StopPointRef>40004404182B</StopPointRef>
      <CommonName>Leybourne Avenue</CommonName>
      <Location>
        <Longitude>-0.470119</Longitude>
        <Latitude>51.334183</Latitude>
      </Location>
    </AnnotatedStopPointRef>
    <AnnotatedStopPointRef>
      <StopPointRef>40004404007A</StopPointRef>
      <CommonName>Black Prince Close</CommonName>
      <Location>
        <Longitude>-0.469847</Longitude>
        <Latitude>51.333307</Latitude>
      </Location>
    </AnnotatedStopPointRef>
    <AnnotatedStopPointRef>
      <StopPointRef>40004404006B</StopPointRef>
      <CommonName>Church Road</CommonName>
      <Location>
        <Longitude>-0.470339</Longitude>
        <Latitude>51.336658</Latitude>
      </Location>
    </AnnotatedStopPointRef>
    <AnnotatedStopPointRef>
      <StopPointRef>40004404182A</StopPointRef>
      <CommonName>Leybourne Avenue</CommonName>
      <Location>
        <Longitude>-0.470321</Longitude>
        <Latitude>51.334158</Latitude>
      </Location>
    </AnnotatedStopPointRef>
    <AnnotatedStopPointRef>
      <StopPointRef>40004404183B</StopPointRef>
      <CommonName>Rutson Road</CommonName>
      <Location>
        <Longitude>-0.471554</Longitude>
        <Latitude>51.331611</Latitude>
      </Location>
    </AnnotatedStopPointRef>
    <AnnotatedStopPointRef>
      <StopPointRef>40004404184A</StopPointRef>
      <CommonName>Sanway Close</CommonName>
      <Location>
        <Longitude>-0.475519</Longitude>
        <Latitude>51.331106</Latitude>
      </Location>
    </AnnotatedStopPointRef>
    <AnnotatedStopPointRef>
      <StopPointRef>40004404007B</StopPointRef>
      <CommonName>Black Prince Close</CommonName>
      <Location>
        <Longitude>-0.470096</Longitude>
        <Latitude>51.333166</Latitude>
      </Location>
    </AnnotatedStopPointRef>
    <AnnotatedStopPointRef>
      <StopPointRef>40004404183A</StopPointRef>
      <CommonName>Rutson Road</CommonName>
      <Location>
        <Longitude>-0.471592</Longitude>
        <Latitude>51.331783</Latitude>
      </Location>
    </AnnotatedStopPointRef>
    <AnnotatedStopPointRef>
      <StopPointRef>40004404008A</StopPointRef>
      <CommonName>Sanway Road</CommonName>
      <Location>
        <Longitude>-0.476335</Longitude>
        <Latitude>51.332447</Latitude>
      </Location>
    </AnnotatedStopPointRef>
    <AnnotatedStopPointRef>
      <StopPointRef>40004404009A</StopPointRef>
      <CommonName>Hart Road</CommonName>
      <Location>
        <Longitude>-0.479051</Longitude>
        <Latitude>51.334551</Latitude>
      </Location>
    </AnnotatedStopPointRef>
    <AnnotatedStopPointRef>
      <StopPointRef>40004404184B</StopPointRef>
      <CommonName>Sanway Close</CommonName>
      <Location>
        <Longitude>-0.475442</Longitude>
        <Latitude>51.331240</Latitude>
      </Location>
    </AnnotatedStopPointRef>
    <AnnotatedStopPointRef>
      <StopPointRef>40004404008B</StopPointRef>
      <CommonName>Sanway Road</CommonName>
      <Location>
        <Longitude>-0.476140</Longitude>
        <Latitude>51.332696</Latitude>
      </Location>
    </AnnotatedStopPointRef>
    <AnnotatedStopPointRef>
      <StopPointRef>40004404010A</StopPointRef>
      <CommonName>Rectory Lane</CommonName>
      <Location>
        <Longitude>-0.478779</Longitude>
        <Latitude>51.339286</Latitude>
      </Location>
    </AnnotatedStopPointRef>
    <AnnotatedStopPointRef>
      <StopPointRef>40004404011A</StopPointRef>
      <CommonName>The Queens Head</CommonName>
      <Location>
        <Longitude>-0.481574</Longitude>
        <Latitude>51.339871</Latitude>
      </Location>
    </AnnotatedStopPointRef>
    <AnnotatedStopPointRef>
      <StopPointRef>40004404009B</StopPointRef>
      <CommonName>Hart Road</CommonName>
      <Location>
        <Longitude>-0.478844</Longitude>
        <Latitude>51.334710</Latitude>
      </Location>
    </AnnotatedStopPointRef>
    <AnnotatedStopPointRef>
      <StopPointRef>40004404010B</StopPointRef>
      <CommonName>Rectory Lane</CommonName>
      <Location>
        <Longitude>-0.478309</Longitude>
        <Latitude>51.339163</Latitude>
      </Location>
    </AnnotatedStopPointRef>
    <AnnotatedStopPointRef>
      <StopPointRef>40004404012A</StopPointRef>
      <CommonName>Dartnell Park Road</CommonName>
      <Location>
        <Longitude>-0.489095</Longitude>
        <Latitude>51.339483</Latitude>
      </Location>
    </AnnotatedStopPointRef>
    <AnnotatedStopPointRef>
      <StopPointRef>40004404013A</StopPointRef>
      <CommonName>Blackwood Close</CommonName>
      <Location>
        <Longitude>-0.494259</Longitude>
        <Latitude>51.338758</Latitude>
      </Location>
    </AnnotatedStopPointRef>
    <AnnotatedStopPointRef>
      <StopPointRef>40004404017A</StopPointRef>
      <CommonName>West Byfleet Railway Station</CommonName>
      <Location>
        <Longitude>-0.505932</Longitude>
        <Latitude>51.338727</Latitude>
      </Location>
    </AnnotatedStopPointRef>
    <AnnotatedStopPointRef>
      <StopPointRef>40004404011B</StopPointRef>
      <CommonName>The Queens Head</CommonName>
      <Location>
        <Longitude>-0.480950</Longitude>
        <Latitude>51.340052</Latitude>
      </Location>
    </AnnotatedStopPointRef>
    <AnnotatedStopPointRef>
      <StopPointRef>40004404012B</StopPointRef>
      <CommonName>Dartnell Park Road</CommonName>
      <Location>
        <Longitude>-0.487247</Longitude>
        <Latitude>51.339791</Latitude>
      </Location>
    </AnnotatedStopPointRef>
    <AnnotatedStopPointRef>
      <StopPointRef>40004404018A</StopPointRef>
      <CommonName>Health Centre</CommonName>
      <Location>
        <Longitude>-0.506527</Longitude>
        <Latitude>51.338070</Latitude>
      </Location>
    </AnnotatedStopPointRef>
    <AnnotatedStopPointRef>
      <StopPointRef>40004404201A</StopPointRef>
      <CommonName>Regency Drive</CommonName>
      <Location>
        <Longitude>-0.510484</Longitude>
        <Latitude>51.336465</Latitude>
      </Location>
    </AnnotatedStopPointRef>
    <AnnotatedStopPointRef>
      <StopPointRef>40004404013B</StopPointRef>
      <CommonName>Blackwood Close</CommonName>
      <Location>
        <Longitude>-0.493951</Longitude>
        <Latitude>51.338943</Latitude>
      </Location>
    </AnnotatedStopPointRef>
    <AnnotatedStopPointRef>
      <StopPointRef>40004404201B</StopPointRef>
      <CommonName>Regency Drive</CommonName>
      <Location>
        <Longitude>-0.510625</Longitude>
        <Latitude>51.336557</Latitude>
      </Location>
    </AnnotatedStopPointRef>
    <AnnotatedStopPointRef>
      <StopPointRef>40004404041A</StopPointRef>
      <CommonName>Sheerwater Road</CommonName>
      <Location>
        <Longitude>-0.518538</Longitude>
        <Latitude>51.337341</Latitude>
      </Location>
    </AnnotatedStopPointRef>
    <AnnotatedStopPointRef>
      <StopPointRef>40004404042A</StopPointRef>
      <CommonName>Lambourne Crescent</CommonName>
      <Location>
        <Longitude>-0.520985</Longitude>
        <Latitude>51.336248</Latitude>
      </Location>
    </AnnotatedStopPointRef>
    <AnnotatedStopPointRef>
      <StopPointRef>40004404041B</StopPointRef>
      <CommonName>Sheerwater Road</CommonName>
      <Location>
        <Longitude>-0.518446</Longitude>
        <Latitude>51.337537</Latitude>
      </Location>
    </AnnotatedStopPointRef>
    <AnnotatedStopPointRef>
      <StopPointRef>40004404042B</StopPointRef>
      <CommonName>Lambourne Crescent</CommonName>
      <Location>
        <Longitude>-0.521081</Longitude>
        <Latitude>51.336384</Latitude>
      </Location>
    </AnnotatedStopPointRef>
    <AnnotatedStopPointRef>
      <StopPointRef>40004404043A</StopPointRef>
      <CommonName>Bishop David Brown School</CommonName>
      <Location>
        <Longitude>-0.523116</Longitude>
        <Latitude>51.335160</Latitude>
      </Location>
    </AnnotatedStopPointRef>
    <AnnotatedStopPointRef>
      <StopPointRef>40004404044A</StopPointRef>
      <CommonName>Henslow Way</CommonName>
      <Location>
        <Longitude>-0.526973</Longitude>
        <Latitude>51.331719</Latitude>
      </Location>
    </AnnotatedStopPointRef>
    <AnnotatedStopPointRef>
      <StopPointRef>40004404043B</StopPointRef>
      <CommonName>Bishop David Brown School</CommonName>
      <Location>
        <Longitude>-0.523241</Longitude>
        <Latitude>51.335287</Latitude>
      </Location>
    </AnnotatedStopPointRef>
    <AnnotatedStopPointRef>
      <StopPointRef>40004404044B</StopPointRef>
      <CommonName>Henslow Way</CommonName>
      <Location>
        <Longitude>-0.527884</Longitude>
        <Latitude>51.331533</Latitude>
      </Location>
    </AnnotatedStopPointRef>
    <AnnotatedStopPointRef>
      <StopPointRef>40004406935A</StopPointRef>
      <CommonName>St Michael's Road ASDA</CommonName>
      <Location>
        <Longitude>-0.530038</Longitude>
        <Latitude>51.331479</Latitude>
      </Location>
    </AnnotatedStopPointRef>
    <AnnotatedStopPointRef>
      <StopPointRef>40004404045A</StopPointRef>
      <CommonName>Murray Green</CommonName>
      <Location>
        <Longitude>-0.533634</Longitude>
        <Latitude>51.331254</Latitude>
      </Location>
    </AnnotatedStopPointRef>
    <AnnotatedStopPointRef>
      <StopPointRef>40004406935B</StopPointRef>
      <CommonName>St Michael's Road ASDA</CommonName>
      <Location>
        <Longitude>-0.530030</Longitude>
        <Latitude>51.331748</Latitude>
      </Location>
    </AnnotatedStopPointRef>
    <AnnotatedStopPointRef>
      <StopPointRef>40004404045B</StopPointRef>
      <CommonName>Murray Green</CommonName>
      <Location>
        <Longitude>-0.533207</Longitude>
        <Latitude>51.331599</Latitude>
      </Location>
    </AnnotatedStopPointRef>
    <AnnotatedStopPointRef>
      <StopPointRef>40004404046B</StopPointRef>
      <CommonName>Forsyth Road</CommonName>
      <Location>
        <Longitude>-0.535061</Longitude>
        <Latitude>51.329725</Latitude>
      </Location>
    </AnnotatedStopPointRef>
    <AnnotatedStopPointRef>
      <StopPointRef>40004404047B</StopPointRef>
      <CommonName>Woking Business Park</CommonName>
      <Location>
        <Longitude>-0.538761</Longitude>
        <Latitude>51.326660</Latitude>
      </Location>
    </AnnotatedStopPointRef>
    <AnnotatedStopPointRef>
      <StopPointRef>40004404046A</StopPointRef>
      <CommonName>Forsyth Road</CommonName>
      <Location>
        <Longitude>-0.535850</Longitude>
        <Latitude>51.328845</Latitude>
      </Location>
    </AnnotatedStopPointRef>
    <AnnotatedStopPointRef>
      <StopPointRef>40004404047A</StopPointRef>
      <CommonName>Woking Business Park</CommonName>
      <Location>
        <Longitude>-0.539617</Longitude>
        <Latitude>51.326824</Latitude>
      </Location>
    </AnnotatedStopPointRef>
    <AnnotatedStopPointRef>
      <StopPointRef>40004404048A</StopPointRef>
      <CommonName>Maybury Arch</CommonName>
      <Location>
        <Longitude>-0.542588</Longitude>
        <Latitude>51.324577</Latitude>
      </Location>
    </AnnotatedStopPointRef>
    <AnnotatedStopPointRef>
      <StopPointRef>40004404049A</StopPointRef>
      <CommonName>Kings Road</CommonName>
      <Location>
        <Longitude>-0.545554</Longitude>
        <Latitude>51.323364</Latitude>
      </Location>
    </AnnotatedStopPointRef>
    <AnnotatedStopPointRef>
      <StopPointRef>40004404050A</StopPointRef>
      <CommonName>Marlborough Road</CommonName>
      <Location>
        <Longitude>-0.549915</Longitude>
        <Latitude>51.321592</Latitude>
      </Location>
    </AnnotatedStopPointRef>
    <AnnotatedStopPointRef>
      <StopPointRef>40004404140E</StopPointRef>
      <CommonName>Woking Railway Station (stop 5)</CommonName>
      <Location>
        <Longitude>-0.555692</Longitude>
        <Latitude>51.319197</Latitude>
      </Location>
    </AnnotatedStopPointRef>
    <AnnotatedStopPointRef>
      <StopPointRef>40004404053A</StopPointRef>
      <CommonName>Boundary Road</CommonName>
      <Location>
        <Longitude>-0.543962</Longitude>
        <Latitude>51.325601</Latitude>
      </Location>
    </AnnotatedStopPointRef>
    <AnnotatedStopPointRef>
      <StopPointRef>40004404052A</StopPointRef>
      <CommonName>North Road</CommonName>
      <Location>
        <Longitude>-0.549589</Longitude>
        <Latitude>51.323288</Latitude>
      </Location>
    </AnnotatedStopPointRef>
    <AnnotatedStopPointRef>
      <StopPointRef>40004404138A</StopPointRef>
      <CommonName>Board School Road</CommonName>
      <Location>
        <Longitude>-0.553834</Longitude>
        <Latitude>51.322477</Latitude>
      </Location>
    </AnnotatedStopPointRef>
    <AnnotatedStopPointRef>
      <StopPointRef>40004406994B</StopPointRef>
      <CommonName>Town Quay</CommonName>
      <Location>
        <Longitude>-0.560103</Longitude>
        <Latitude>51.321169</Latitude>
      </Location>
    </AnnotatedStopPointRef>
    <AnnotatedStopPointRef>
      <StopPointRef>40004406977A</StopPointRef>
      <CommonName>High Street Link Road</CommonName>
      <Location>
        <Longitude>-0.560199</Longitude>
        <Latitude>51.317663</Latitude>
      </Location>
    </AnnotatedStopPointRef>
  </StopPoints>
  <RouteSections>
    <RouteSection id="rsf_0000">
      <RouteLink id="rl_0000_1">
        <From>
          <StopPointRef>40004404222A</StopPointRef>
        </From>
        <To>
          <StopPointRef>40004405303A</StopPointRef>
        </To>
      </RouteLink>
      <RouteLink id="rl_0000_2">
        <From>
          <StopPointRef>40004405303A</StopPointRef>
        </From>
        <To>
          <StopPointRef>40004405304A</StopPointRef>
        </To>
      </RouteLink>
      <RouteLink id="rl_0000_3">
        <From>
          <StopPointRef>40004405304A</StopPointRef>
        </From>
        <To>
          <StopPointRef>40004405305B</StopPointRef>
        </To>
      </RouteLink>
      <RouteLink id="rl_0000_4">
        <From>
          <StopPointRef>40004405305B</StopPointRef>
        </From>
        <To>
          <StopPointRef>40004405018A</StopPointRef>
        </To>
      </RouteLink>
      <RouteLink id="rl_0000_5">
        <From>
          <StopPointRef>40004405018A</StopPointRef>
        </From>
        <To>
          <StopPointRef>40004405019A</StopPointRef>
        </To>
      </RouteLink>
      <RouteLink id="rl_0000_6">
        <From>
          <StopPointRef>40004405019A</StopPointRef>
        </From>
        <To>
          <StopPointRef>40004405020C</StopPointRef>
        </To>
      </RouteLink>
      <RouteLink id="rl_0000_7">
        <From>
          <StopPointRef>40004405020C</StopPointRef>
        </From>
        <To>
          <StopPointRef>40004405202B</StopPointRef>
        </To>
      </RouteLink>
      <RouteLink id="rl_0000_8">
        <From>
          <StopPointRef>40004405202B</StopPointRef>
        </From>
        <To>
          <StopPointRef>40004405282B</StopPointRef>
        </To>
      </RouteLink>
      <RouteLink id="rl_0000_9">
        <From>
          <StopPointRef>40004405282B</StopPointRef>
        </From>
        <To>
          <StopPointRef>40004405035B</StopPointRef>
        </To>
      </RouteLink>
    </RouteSection>
    <RouteSection id="rsf_0001">
      <RouteLink id="rl_0001_1">
        <From>
          <StopPointRef>40004404140E</StopPointRef>
        </From>
        <To>
          <StopPointRef>40004406977A</StopPointRef>
        </To>
      </RouteLink>
      <RouteLink id="rl_0001_2">
        <From>
          <StopPointRef>40004406977A</StopPointRef>
        </From>
        <To>
          <StopPointRef>40004406994B</StopPointRef>
        </To>
      </RouteLink>
      <RouteLink id="rl_0001_3">
        <From>
          <StopPointRef>40004406994B</StopPointRef>
        </From>
        <To>
          <StopPointRef>40004404138A</StopPointRef>
        </To>
      </RouteLink>
      <RouteLink id="rl_0001_4">
        <From>
          <StopPointRef>40004404138A</StopPointRef>
        </From>
        <To>
          <StopPointRef>40004404052A</StopPointRef>
        </To>
      </RouteLink>
      <RouteLink id="rl_0001_5">
        <From>
          <StopPointRef>40004404052A</StopPointRef>
        </From>
        <To>
          <StopPointRef>40004404053A</StopPointRef>
        </To>
      </RouteLink>
      <RouteLink id="rl_0001_6">
        <From>
          <StopPointRef>40004404053A</StopPointRef>
        </From>
        <To>
          <StopPointRef>40004404047A</StopPointRef>
        </To>
      </RouteLink>
      <RouteLink id="rl_0001_7">
        <From>
          <StopPointRef>40004404047A</StopPointRef>
        </From>
        <To>
          <StopPointRef>40004404046A</StopPointRef>
        </To>
      </RouteLink>
      <RouteLink id="rl_0001_8">
        <From>
          <StopPointRef>40004404046A</StopPointRef>
        </From>
        <To>
          <StopPointRef>40004404045B</StopPointRef>
        </To>
      </RouteLink>
      <RouteLink id="rl_0001_9">
        <From>
          <StopPointRef>40004404045B</StopPointRef>
        </From>
        <To>
          <StopPointRef>40004406935B</StopPointRef>
        </To>
      </RouteLink>
      <RouteLink id="rl_0001_10">
        <From>
          <StopPointRef>40004406935B</StopPointRef>
        </From>
        <To>
          <StopPointRef>40004404044B</StopPointRef>
        </To>
      </RouteLink>
      <RouteLink id="rl_0001_11">
        <From>
          <StopPointRef>40004404044B</StopPointRef>
        </From>
        <To>
          <StopPointRef>40004404043B</StopPointRef>
        </To>
      </RouteLink>
      <RouteLink id="rl_0001_12">
        <From>
          <StopPointRef>40004404043B</StopPointRef>
        </From>
        <To>
          <StopPointRef>40004404042B</StopPointRef>
        </To>
      </RouteLink>
      <RouteLink id="rl_0001_13">
        <From>
          <StopPointRef>40004404042B</StopPointRef>
        </From>
        <To>
          <StopPointRef>40004404041B</StopPointRef>
        </To>
      </RouteLink>
      <RouteLink id="rl_0001_14">
        <From>
          <StopPointRef>40004404041B</StopPointRef>
        </From>
        <To>
          <StopPointRef>40004404201B</StopPointRef>
        </To>
      </RouteLink>
      <RouteLink id="rl_0001_15">
        <From>
          <StopPointRef>40004404201B</StopPointRef>
        </From>
        <To>
          <StopPointRef>40004404017A</StopPointRef>
        </To>
      </RouteLink>
      <RouteLink id="rl_0001_16">
        <From>
          <StopPointRef>40004404017A</StopPointRef>
        </From>
        <To>
          <StopPointRef>40004404013B</StopPointRef>
        </To>
      </RouteLink>
      <RouteLink id="rl_0001_17">
        <From>
          <StopPointRef>40004404013B</StopPointRef>
        </From>
        <To>
          <StopPointRef>40004404012B</StopPointRef>
        </To>
      </RouteLink>
      <RouteLink id="rl_0001_18">
        <From>
          <StopPointRef>40004404012B</StopPointRef>
        </From>
        <To>
          <StopPointRef>40004404011B</StopPointRef>
        </To>
      </RouteLink>
      <RouteLink id="rl_0001_19">
        <From>
          <StopPointRef>40004404011B</StopPointRef>
        </From>
        <To>
          <StopPointRef>40004404010B</StopPointRef>
        </To>
      </RouteLink>
      <RouteLink id="rl_0001_20">
        <From>
          <StopPointRef>40004404010B</StopPointRef>
        </From>
        <To>
          <StopPointRef>40004404009B</StopPointRef>
        </To>
      </RouteLink>
      <RouteLink id="rl_0001_21">
        <From>
          <StopPointRef>40004404009B</StopPointRef>
        </From>
        <To>
          <StopPointRef>40004404008B</StopPointRef>
        </To>
      </RouteLink>
      <RouteLink id="rl_0001_22">
        <From>
          <StopPointRef>40004404008B</StopPointRef>
        </From>
        <To>
          <StopPointRef>40004404184B</StopPointRef>
        </To>
      </RouteLink>
      <RouteLink id="rl_0001_23">
        <From>
          <StopPointRef>40004404184B</StopPointRef>
        </From>
        <To>
          <StopPointRef>40004404183A</StopPointRef>
        </To>
      </RouteLink>
      <RouteLink id="rl_0001_24">
        <From>
          <StopPointRef>40004404183A</StopPointRef>
        </From>
        <To>
          <StopPointRef>40004404007B</StopPointRef>
        </To>
      </RouteLink>
      <RouteLink id="rl_0001_25">
        <From>
          <StopPointRef>40004404007B</StopPointRef>
        </From>
        <To>
          <StopPointRef>40004404182A</StopPointRef>
        </To>
      </RouteLink>
      <RouteLink id="rl_0001_26">
        <From>
          <StopPointRef>40004404182A</StopPointRef>
        </From>
        <To>
          <StopPointRef>40004404006B</StopPointRef>
        </To>
      </RouteLink>
      <RouteLink id="rl_0001_27">
        <From>
          <StopPointRef>40004404006B</StopPointRef>
        </From>
        <To>
          <StopPointRef>40004404196A</StopPointRef>
        </To>
      </RouteLink>
      <RouteLink id="rl_0001_28">
        <From>
          <StopPointRef>40004404196A</StopPointRef>
        </From>
        <To>
          <StopPointRef>40004404003B</StopPointRef>
        </To>
      </RouteLink>
      <RouteLink id="rl_0001_29">
        <From>
          <StopPointRef>40004404003B</StopPointRef>
        </From>
        <To>
          <StopPointRef>40004405303B</StopPointRef>
        </To>
      </RouteLink>
      <RouteLink id="rl_0001_30">
        <From>
          <StopPointRef>40004405303B</StopPointRef>
        </From>
        <To>
          <StopPointRef>40004404222A</StopPointRef>
        </To>
      </RouteLink>
      <RouteLink id="rl_0001_31">
        <From>
          <StopPointRef>40004404222A</StopPointRef>
        </From>
        <To>
          <StopPointRef>40004405303A</StopPointRef>
        </To>
      </RouteLink>
      <RouteLink id="rl_0001_32">
        <From>
          <StopPointRef>40004405303A</StopPointRef>
        </From>
        <To>
          <StopPointRef>40004405304A</StopPointRef>
        </To>
      </RouteLink>
      <RouteLink id="rl_0001_33">
        <From>
          <StopPointRef>40004405304A</StopPointRef>
        </From>
        <To>
          <StopPointRef>40004405305B</StopPointRef>
        </To>
      </RouteLink>
      <RouteLink id="rl_0001_34">
        <From>
          <StopPointRef>40004405305B</StopPointRef>
        </From>
        <To>
          <StopPointRef>40004405018A</StopPointRef>
        </To>
      </RouteLink>
      <RouteLink id="rl_0001_35">
        <From>
          <StopPointRef>40004405018A</StopPointRef>
        </From>
        <To>
          <StopPointRef>40004405019A</StopPointRef>
        </To>
      </RouteLink>
      <RouteLink id="rl_0001_36">
        <From>
          <StopPointRef>40004405019A</StopPointRef>
        </From>
        <To>
          <StopPointRef>40004405020C</StopPointRef>
        </To>
      </RouteLink>
      <RouteLink id="rl_0001_37">
        <From>
          <StopPointRef>40004405020C</StopPointRef>
        </From>
        <To>
          <StopPointRef>40004405202B</StopPointRef>
        </To>
      </RouteLink>
      <RouteLink id="rl_0001_38">
        <From>
          <StopPointRef>40004405202B</StopPointRef>
        </From>
        <To>
          <StopPointRef>40004405282B</StopPointRef>
        </To>
      </RouteLink>
      <RouteLink id="rl_0001_39">
        <From>
          <StopPointRef>40004405282B</StopPointRef>
        </From>
        <To>
          <StopPointRef>40004405035B</StopPointRef>
        </To>
      </RouteLink>
    </RouteSection>
    <RouteSection id="rsf_0002">
      <RouteLink id="rl_0002_1">
        <From>
          <StopPointRef>40004405035B</StopPointRef>
        </From>
        <To>
          <StopPointRef>40004405034B</StopPointRef>
        </To>
      </RouteLink>
      <RouteLink id="rl_0002_2">
        <From>
          <StopPointRef>40004405034B</StopPointRef>
        </From>
        <To>
          <StopPointRef>40004405023B</StopPointRef>
        </To>
      </RouteLink>
      <RouteLink id="rl_0002_3">
        <From>
          <StopPointRef>40004405023B</StopPointRef>
        </From>
        <To>
          <StopPointRef>40004405022B</StopPointRef>
        </To>
      </RouteLink>
      <RouteLink id="rl_0002_4">
        <From>
          <StopPointRef>40004405022B</StopPointRef>
        </From>
        <To>
          <StopPointRef>40004405021B</StopPointRef>
        </To>
      </RouteLink>
      <RouteLink id="rl_0002_5">
        <From>
          <StopPointRef>40004405021B</StopPointRef>
        </From>
        <To>
          <StopPointRef>40004405020B</StopPointRef>
        </To>
      </RouteLink>
      <RouteLink id="rl_0002_6">
        <From>
          <StopPointRef>40004405020B</StopPointRef>
        </From>
        <To>
          <StopPointRef>40004405019B</StopPointRef>
        </To>
      </RouteLink>
      <RouteLink id="rl_0002_7">
        <From>
          <StopPointRef>40004405019B</StopPointRef>
        </From>
        <To>
          <StopPointRef>40004405018B</StopPointRef>
        </To>
      </RouteLink>
      <RouteLink id="rl_0002_8">
        <From>
          <StopPointRef>40004405018B</StopPointRef>
        </From>
        <To>
          <StopPointRef>40004405305A</StopPointRef>
        </To>
      </RouteLink>
      <RouteLink id="rl_0002_9">
        <From>
          <StopPointRef>40004405305A</StopPointRef>
        </From>
        <To>
          <StopPointRef>40004405304A</StopPointRef>
        </To>
      </RouteLink>
      <RouteLink id="rl_0002_10">
        <From>
          <StopPointRef>40004405304A</StopPointRef>
        </From>
        <To>
          <StopPointRef>40004405303B</StopPointRef>
        </To>
      </RouteLink>
      <RouteLink id="rl_0002_11">
        <From>
          <StopPointRef>40004405303B</StopPointRef>
        </From>
        <To>
          <StopPointRef>40004404222A</StopPointRef>
        </To>
      </RouteLink>
      <RouteLink id="rl_0002_12">
        <From>
          <StopPointRef>40004404222A</StopPointRef>
        </From>
        <To>
          <StopPointRef>40004405303A</StopPointRef>
        </To>
      </RouteLink>
      <RouteLink id="rl_0002_13">
        <From>
          <StopPointRef>40004405303A</StopPointRef>
        </From>
        <To>
          <StopPointRef>40004404003A</StopPointRef>
        </To>
      </RouteLink>
      <RouteLink id="rl_0002_14">
        <From>
          <StopPointRef>40004404003A</StopPointRef>
        </From>
        <To>
          <StopPointRef>40004404006A</StopPointRef>
        </To>
      </RouteLink>
      <RouteLink id="rl_0002_15">
        <From>
          <StopPointRef>40004404006A</StopPointRef>
        </From>
        <To>
          <StopPointRef>40004404182B</StopPointRef>
        </To>
      </RouteLink>
      <RouteLink id="rl_0002_16">
        <From>
          <StopPointRef>40004404182B</StopPointRef>
        </From>
        <To>
          <StopPointRef>40004404007A</StopPointRef>
        </To>
      </RouteLink>
      <RouteLink id="rl_0002_17">
        <From>
          <StopPointRef>40004404007A</StopPointRef>
        </From>
        <To>
          <StopPointRef>40004404183B</StopPointRef>
        </To>
      </RouteLink>
      <RouteLink id="rl_0002_18">
        <From>
          <StopPointRef>40004404183B</StopPointRef>
        </From>
        <To>
          <StopPointRef>40004404184A</StopPointRef>
        </To>
      </RouteLink>
      <RouteLink id="rl_0002_19">
        <From>
          <StopPointRef>40004404184A</StopPointRef>
        </From>
        <To>
          <StopPointRef>40004404008A</StopPointRef>
        </To>
      </RouteLink>
      <RouteLink id="rl_0002_20">
        <From>
          <StopPointRef>40004404008A</StopPointRef>
        </From>
        <To>
          <StopPointRef>40004404009A</StopPointRef>
        </To>
      </RouteLink>
      <RouteLink id="rl_0002_21">
        <From>
          <StopPointRef>40004404009A</StopPointRef>
        </From>
        <To>
          <StopPointRef>40004404010A</StopPointRef>
        </To>
      </RouteLink>
      <RouteLink id="rl_0002_22">
        <From>
          <StopPointRef>40004404010A</StopPointRef>
        </From>
        <To>
          <StopPointRef>40004404011A</StopPointRef>
        </To>
      </RouteLink>
      <RouteLink id="rl_0002_23">
        <From>
          <StopPointRef>40004404011A</StopPointRef>
        </From>
        <To>
          <StopPointRef>40004404012A</StopPointRef>
        </To>
      </RouteLink>
      <RouteLink id="rl_0002_24">
        <From>
          <StopPointRef>40004404012A</StopPointRef>
        </From>
        <To>
          <StopPointRef>40004404013A</StopPointRef>
        </To>
      </RouteLink>
      <RouteLink id="rl_0002_25">
        <From>
          <StopPointRef>40004404013A</StopPointRef>
        </From>
        <To>
          <StopPointRef>40004404017A</StopPointRef>
        </To>
      </RouteLink>
      <RouteLink id="rl_0002_26">
        <From>
          <StopPointRef>40004404017A</StopPointRef>
        </From>
        <To>
          <StopPointRef>40004404018A</StopPointRef>
        </To>
      </RouteLink>
      <RouteLink id="rl_0002_27">
        <From>
          <StopPointRef>40004404018A</StopPointRef>
        </From>
        <To>
          <StopPointRef>40004404201A</StopPointRef>
        </To>
      </RouteLink>
      <RouteLink id="rl_0002_28">
        <From>
          <StopPointRef>40004404201A</StopPointRef>
        </From>
        <To>
          <StopPointRef>40004404041A</StopPointRef>
        </To>
      </RouteLink>
      <RouteLink id="rl_0002_29">
        <From>
          <StopPointRef>40004404041A</StopPointRef>
        </From>
        <To>
          <StopPointRef>40004404042A</StopPointRef>
        </To>
      </RouteLink>
      <RouteLink id="rl_0002_30">
        <From>
          <StopPointRef>40004404042A</StopPointRef>
        </From>
        <To>
          <StopPointRef>40004404043A</StopPointRef>
        </To>
      </RouteLink>
      <RouteLink id="rl_0002_31">
        <From>
          <StopPointRef>40004404043A</StopPointRef>
        </From>
        <To>
          <StopPointRef>40004404044A</StopPointRef>
        </To>
      </RouteLink>
      <RouteLink id="rl_0002_32">
        <From>
          <StopPointRef>40004404044A</StopPointRef>
        </From>
        <To>
          <StopPointRef>40004406935A</StopPointRef>
        </To>
      </RouteLink>
      <RouteLink id="rl_0002_33">
        <From>
          <StopPointRef>40004406935A</StopPointRef>
        </From>
        <To>
          <StopPointRef>40004404045A</StopPointRef>
        </To>
      </RouteLink>
      <RouteLink id="rl_0002_34">
        <From>
          <StopPointRef>40004404045A</StopPointRef>
        </From>
        <To>
          <StopPointRef>40004404046B</StopPointRef>
        </To>
      </RouteLink>
      <RouteLink id="rl_0002_35">
        <From>
          <StopPointRef>40004404046B</StopPointRef>
        </From>
        <To>
          <StopPointRef>40004404047B</StopPointRef>
        </To>
      </RouteLink>
      <RouteLink id="rl_0002_36">
        <From>
          <StopPointRef>40004404047B</StopPointRef>
        </From>
        <To>
          <StopPointRef>40004404048A</StopPointRef>
        </To>
      </RouteLink>
      <RouteLink id="rl_0002_37">
        <From>
          <StopPointRef>40004404048A</StopPointRef>
        </From>
        <To>
          <StopPointRef>40004404049A</StopPointRef>
        </To>
      </RouteLink>
      <RouteLink id="rl_0002_38">
        <From>
          <StopPointRef>40004404049A</StopPointRef>
        </From>
        <To>
          <StopPointRef>40004404050A</StopPointRef>
        </To>
      </RouteLink>
      <RouteLink id="rl_0002_39">
        <From>
          <StopPointRef>40004404050A</StopPointRef>
        </From>
        <To>
          <StopPointRef>40004404140E</StopPointRef>
        </To>
      </RouteLink>
    </RouteSection>
    <RouteSection id="rsf_0003">
      <RouteLink id="rl_0003_1">
        <From>
          <StopPointRef>40004405035B</StopPointRef>
        </From>
        <To>
          <StopPointRef>40004405034B</StopPointRef>
        </To>
      </RouteLink>
      <RouteLink id="rl_0003_2">
        <From>
          <StopPointRef>40004405034B</StopPointRef>
        </From>
        <To>
          <StopPointRef>40004405023B</StopPointRef>
        </To>
      </RouteLink>
      <RouteLink id="rl_0003_3">
        <From>
          <StopPointRef>40004405023B</StopPointRef>
        </From>
        <To>
          <StopPointRef>40004405022B</StopPointRef>
        </To>
      </RouteLink>
      <RouteLink id="rl_0003_4">
        <From>
          <StopPointRef>40004405022B</StopPointRef>
        </From>
        <To>
          <StopPointRef>40004405021B</StopPointRef>
        </To>
      </RouteLink>
      <RouteLink id="rl_0003_5">
        <From>
          <StopPointRef>40004405021B</StopPointRef>
        </From>
        <To>
          <StopPointRef>40004405020B</StopPointRef>
        </To>
      </RouteLink>
      <RouteLink id="rl_0003_6">
        <From>
          <StopPointRef>40004405020B</StopPointRef>
        </From>
        <To>
          <StopPointRef>40004405019B</StopPointRef>
        </To>
      </RouteLink>
      <RouteLink id="rl_0003_7">
        <From>
          <StopPointRef>40004405019B</StopPointRef>
        </From>
        <To>
          <StopPointRef>40004405018B</StopPointRef>
        </To>
      </RouteLink>
      <RouteLink id="rl_0003_8">
        <From>
          <StopPointRef>40004405018B</StopPointRef>
        </From>
        <To>
          <StopPointRef>40004405305A</StopPointRef>
        </To>
      </RouteLink>
      <RouteLink id="rl_0003_9">
        <From>
          <StopPointRef>40004405305A</StopPointRef>
        </From>
        <To>
          <StopPointRef>40004405304A</StopPointRef>
        </To>
      </RouteLink>
      <RouteLink id="rl_0003_10">
        <From>
          <StopPointRef>40004405304A</StopPointRef>
        </From>
        <To>
          <StopPointRef>40004405303B</StopPointRef>
        </To>
      </RouteLink>
      <RouteLink id="rl_0003_11">
        <From>
          <StopPointRef>40004405303B</StopPointRef>
        </From>
        <To>
          <StopPointRef>40004404222A</StopPointRef>
        </To>
      </RouteLink>
    </RouteSection>
  </RouteSections>
  <Routes>
    <Route id="rt_0000">
      <Description>No route description available</Description>
      <RouteSectionRef>rsf_0000</RouteSectionRef>
    </Route>
    <Route id="rt_0001">
      <Description>No route description available</Description>
      <RouteSectionRef>rsf_0001</RouteSectionRef>
    </Route>
    <Route id="rt_0002">
      <Description>No route description available</Description>
      <RouteSectionRef>rsf_0002</RouteSectionRef>
    </Route>
    <Route id="rt_0003">
      <Description>No route description available</Description>
      <RouteSectionRef>rsf_0003</RouteSectionRef>
    </Route>
  </Routes>
  <JourneyPatternSections>
    <JourneyPatternSection id="js_1">
      <JourneyPatternTimingLink id="jptl_1">
        <From SequenceNumber="31">
          <Activity>pickUp</Activity>
          <StopPointRef>40004404222A</StopPointRef>
          <TimingStatus>principalTimingPoint</TimingStatus>
          <FareStageNumber>5</FareStageNumber>
        </From>
        <To SequenceNumber="32">
          <StopPointRef>40004405303A</StopPointRef>
          <TimingStatus>otherPoint</TimingStatus>
        </To>
        <RouteLinkRef>rl_0000_1</RouteLinkRef>
        <RunTime>PT0S</RunTime>
      </JourneyPatternTimingLink>
      <JourneyPatternTimingLink id="jptl_2">
        <From SequenceNumber="32">
          <StopPointRef>40004405303A</StopPointRef>
          <TimingStatus>otherPoint</TimingStatus>
        </From>
        <To SequenceNumber="33">
          <StopPointRef>40004405304A</StopPointRef>
          <TimingStatus>principalTimingPoint</TimingStatus>
        </To>
        <RouteLinkRef>rl_0000_2</RouteLinkRef>
        <RunTime>PT4M</RunTime>
      </JourneyPatternTimingLink>
      <JourneyPatternTimingLink id="jptl_3">
        <From SequenceNumber="33">
          <StopPointRef>40004405304A</StopPointRef>
          <TimingStatus>principalTimingPoint</TimingStatus>
        </From>
        <To SequenceNumber="34">
          <StopPointRef>40004405305B</StopPointRef>
          <TimingStatus>otherPoint</TimingStatus>
        </To>
        <RouteLinkRef>rl_0000_3</RouteLinkRef>
        <RunTime>PT2M</RunTime>
      </JourneyPatternTimingLink>
      <JourneyPatternTimingLink id="jptl_4">
        <From SequenceNumber="34">
          <StopPointRef>40004405305B</StopPointRef>
          <TimingStatus>otherPoint</TimingStatus>
        </From>
        <To SequenceNumber="35">
          <StopPointRef>40004405018A</StopPointRef>
          <TimingStatus>otherPoint</TimingStatus>
        </To>
        <RouteLinkRef>rl_0000_4</RouteLinkRef>
        <RunTime>PT2M</RunTime>
      </JourneyPatternTimingLink>
      <JourneyPatternTimingLink id="jptl_5">
        <From SequenceNumber="35">
          <StopPointRef>40004405018A</StopPointRef>
          <TimingStatus>otherPoint</TimingStatus>
        </From>
        <To SequenceNumber="36">
          <StopPointRef>40004405019A</StopPointRef>
          <TimingStatus>principalTimingPoint</TimingStatus>
          <FareStageNumber>4</FareStageNumber>
        </To>
        <RouteLinkRef>rl_0000_5</RouteLinkRef>
        <RunTime>PT5M</RunTime>
      </JourneyPatternTimingLink>
      <JourneyPatternTimingLink id="jptl_6">
        <From SequenceNumber="36">
          <StopPointRef>40004405019A</StopPointRef>
          <TimingStatus>principalTimingPoint</TimingStatus>
        </From>
        <To SequenceNumber="37">
          <StopPointRef>40004405020C</StopPointRef>
          <TimingStatus>otherPoint</TimingStatus>
        </To>
        <RouteLinkRef>rl_0000_6</RouteLinkRef>
        <RunTime>PT0S</RunTime>
      </JourneyPatternTimingLink>
      <JourneyPatternTimingLink id="jptl_7">
        <From SequenceNumber="37">
          <StopPointRef>40004405020C</StopPointRef>
          <TimingStatus>otherPoint</TimingStatus>
        </From>
        <To SequenceNumber="38">
          <StopPointRef>40004405202B</StopPointRef>
          <TimingStatus>otherPoint</TimingStatus>
        </To>
        <RouteLinkRef>rl_0000_7</RouteLinkRef>
        <RunTime>PT1M</RunTime>
      </JourneyPatternTimingLink>
      <JourneyPatternTimingLink id="jptl_8">
        <From SequenceNumber="38">
          <StopPointRef>40004405202B</StopPointRef>
          <TimingStatus>otherPoint</TimingStatus>
        </From>
        <To SequenceNumber="39">
          <StopPointRef>40004405282B</StopPointRef>
          <TimingStatus>otherPoint</TimingStatus>
        </To>
        <RouteLinkRef>rl_0000_8</RouteLinkRef>
        <RunTime>PT1M</RunTime>
      </JourneyPatternTimingLink>
      <JourneyPatternTimingLink id="jptl_9">
        <From SequenceNumber="39">
          <StopPointRef>40004405282B</StopPointRef>
          <TimingStatus>otherPoint</TimingStatus>
        </From>
        <To SequenceNumber="40">
          <Activity>setDown</Activity>
          <StopPointRef>40004405035B</StopPointRef>
          <TimingStatus>principalTimingPoint</TimingStatus>
          <FareStageNumber>3</FareStageNumber>
        </To>
        <RouteLinkRef>rl_0000_9</RouteLinkRef>
        <RunTime>PT2M</RunTime>
      </JourneyPatternTimingLink>
    </JourneyPatternSection>
    <JourneyPatternSection id="js_2">
      <JourneyPatternTimingLink id="jptl_10">
        <From SequenceNumber="1">
          <Activity>pickUp</Activity>
          <StopPointRef>40004404140E</StopPointRef>
          <TimingStatus>principalTimingPoint</TimingStatus>
          <FareStageNumber>10</FareStageNumber>
        </From>
        <To SequenceNumber="2">
          <StopPointRef>40004406977A</StopPointRef>
          <TimingStatus>principalTimingPoint</TimingStatus>
        </To>
        <RouteLinkRef>rl_0001_1</RouteLinkRef>
        <RunTime>PT1M</RunTime>
      </JourneyPatternTimingLink>
      <JourneyPatternTimingLink id="jptl_11">
        <From SequenceNumber="2">
          <StopPointRef>40004406977A</StopPointRef>
          <TimingStatus>principalTimingPoint</TimingStatus>
        </From>
        <To SequenceNumber="3">
          <StopPointRef>40004406994B</StopPointRef>
          <TimingStatus>otherPoint</TimingStatus>
        </To>
        <RouteLinkRef>rl_0001_2</RouteLinkRef>
        <RunTime>PT2M</RunTime>
      </JourneyPatternTimingLink>
      <JourneyPatternTimingLink id="jptl_12">
        <From SequenceNumber="3">
          <StopPointRef>40004406994B</StopPointRef>
          <TimingStatus>otherPoint</TimingStatus>
        </From>
        <To SequenceNumber="4">
          <StopPointRef>40004404138A</StopPointRef>
          <TimingStatus>otherPoint</TimingStatus>
        </To>
        <RouteLinkRef>rl_0001_3</RouteLinkRef>
        <RunTime>PT2M</RunTime>
      </JourneyPatternTimingLink>
      <JourneyPatternTimingLink id="jptl_13">
        <From SequenceNumber="4">
          <StopPointRef>40004404138A</StopPointRef>
          <TimingStatus>otherPoint</TimingStatus>
        </From>
        <To SequenceNumber="5">
          <StopPointRef>40004404052A</StopPointRef>
          <TimingStatus>otherPoint</TimingStatus>
        </To>
        <RouteLinkRef>rl_0001_4</RouteLinkRef>
        <RunTime>PT1M</RunTime>
      </JourneyPatternTimingLink>
      <JourneyPatternTimingLink id="jptl_14">
        <From SequenceNumber="5">
          <StopPointRef>40004404052A</StopPointRef>
          <TimingStatus>otherPoint</TimingStatus>
        </From>
        <To SequenceNumber="6">
          <StopPointRef>40004404053A</StopPointRef>
          <TimingStatus>otherPoint</TimingStatus>
        </To>
        <RouteLinkRef>rl_0001_5</RouteLinkRef>
        <RunTime>PT1M</RunTime>
      </JourneyPatternTimingLink>
      <JourneyPatternTimingLink id="jptl_15">
        <From SequenceNumber="6">
          <StopPointRef>40004404053A</StopPointRef>
          <TimingStatus>otherPoint</TimingStatus>
        </From>
        <To SequenceNumber="7">
          <StopPointRef>40004404047A</StopPointRef>
          <TimingStatus>otherPoint</TimingStatus>
          <FareStageNumber>9</FareStageNumber>
        </To>
        <RouteLinkRef>rl_0001_6</RouteLinkRef>
        <RunTime>PT1M</RunTime>
      </JourneyPatternTimingLink>
      <JourneyPatternTimingLink id="jptl_16">
        <From SequenceNumber="7">
          <StopPointRef>40004404047A</StopPointRef>
          <TimingStatus>otherPoint</TimingStatus>
        </From>
        <To SequenceNumber="8">
          <StopPointRef>40004404046A</StopPointRef>
          <TimingStatus>otherPoint</TimingStatus>
        </To>
        <RouteLinkRef>rl_0001_7</RouteLinkRef>
        <RunTime>PT1M</RunTime>
      </JourneyPatternTimingLink>
      <JourneyPatternTimingLink id="jptl_17">
        <From SequenceNumber="8">
          <StopPointRef>40004404046A</StopPointRef>
          <TimingStatus>otherPoint</TimingStatus>
        </From>
        <To SequenceNumber="9">
          <StopPointRef>40004404045B</StopPointRef>
          <TimingStatus>otherPoint</TimingStatus>
        </To>
        <RouteLinkRef>rl_0001_8</RouteLinkRef>
        <RunTime>PT1M</RunTime>
      </JourneyPatternTimingLink>
      <JourneyPatternTimingLink id="jptl_18">
        <From SequenceNumber="9">
          <StopPointRef>40004404045B</StopPointRef>
          <TimingStatus>otherPoint</TimingStatus>
        </From>
        <To SequenceNumber="10">
          <StopPointRef>40004406935B</StopPointRef>
          <TimingStatus>otherPoint</TimingStatus>
        </To>
        <RouteLinkRef>rl_0001_9</RouteLinkRef>
        <RunTime>PT1M</RunTime>
      </JourneyPatternTimingLink>
      <JourneyPatternTimingLink id="jptl_19">
        <From SequenceNumber="10">
          <StopPointRef>40004406935B</StopPointRef>
          <TimingStatus>otherPoint</TimingStatus>
        </From>
        <To SequenceNumber="11">
          <StopPointRef>40004404044B</StopPointRef>
          <TimingStatus>otherPoint</TimingStatus>
        </To>
        <RouteLinkRef>rl_0001_10</RouteLinkRef>
        <RunTime>PT1M</RunTime>
      </JourneyPatternTimingLink>
      <JourneyPatternTimingLink id="jptl_20">
        <From SequenceNumber="11">
          <StopPointRef>40004404044B</StopPointRef>
          <TimingStatus>otherPoint</TimingStatus>
        </From>
        <To SequenceNumber="12">
          <StopPointRef>40004404043B</StopPointRef>
          <TimingStatus>principalTimingPoint</TimingStatus>
        </To>
        <RouteLinkRef>rl_0001_11</RouteLinkRef>
        <RunTime>PT3M</RunTime>
      </JourneyPatternTimingLink>
      <JourneyPatternTimingLink id="jptl_21">
        <From SequenceNumber="12">
          <StopPointRef>40004404043B</StopPointRef>
          <TimingStatus>principalTimingPoint</TimingStatus>
        </From>
        <To SequenceNumber="13">
          <StopPointRef>40004404042B</StopPointRef>
          <TimingStatus>otherPoint</TimingStatus>
        </To>
        <RouteLinkRef>rl_0001_12</RouteLinkRef>
        <RunTime>PT0S</RunTime>
      </JourneyPatternTimingLink>
      <JourneyPatternTimingLink id="jptl_22">
        <From SequenceNumber="13">
          <StopPointRef>40004404042B</StopPointRef>
          <TimingStatus>otherPoint</TimingStatus>
        </From>
        <To SequenceNumber="14">
          <StopPointRef>40004404041B</StopPointRef>
          <TimingStatus>otherPoint</TimingStatus>
        </To>
        <RouteLinkRef>rl_0001_13</RouteLinkRef>
        <RunTime>PT1M</RunTime>
      </JourneyPatternTimingLink>
      <JourneyPatternTimingLink id="jptl_23">
        <From SequenceNumber="14">
          <StopPointRef>40004404041B</StopPointRef>
          <TimingStatus>otherPoint</TimingStatus>
        </From>
        <To SequenceNumber="15">
          <StopPointRef>40004404201B</StopPointRef>
          <TimingStatus>otherPoint</TimingStatus>
        </To>
        <RouteLinkRef>rl_0001_14</RouteLinkRef>
        <RunTime>PT3M</RunTime>
      </JourneyPatternTimingLink>
      <JourneyPatternTimingLink id="jptl_24">
        <From SequenceNumber="15">
          <StopPointRef>40004404201B</StopPointRef>
          <TimingStatus>otherPoint</TimingStatus>
        </From>
        <To SequenceNumber="16">
          <StopPointRef>40004404017A</StopPointRef>
          <TimingStatus>principalTimingPoint</TimingStatus>
          <FareStageNumber>8</FareStageNumber>
        </To>
        <RouteLinkRef>rl_0001_15</RouteLinkRef>
        <RunTime>PT2M</RunTime>
      </JourneyPatternTimingLink>
      <JourneyPatternTimingLink id="jptl_25">
        <From SequenceNumber="16">
          <StopPointRef>40004404017A</StopPointRef>
          <TimingStatus>principalTimingPoint</TimingStatus>
        </From>
        <To SequenceNumber="17">
          <StopPointRef>40004404013B</StopPointRef>
          <TimingStatus>otherPoint</TimingStatus>
        </To>
        <RouteLinkRef>rl_0001_16</RouteLinkRef>
        <RunTime>PT1M</RunTime>
      </JourneyPatternTimingLink>
      <JourneyPatternTimingLink id="jptl_26">
        <From SequenceNumber="17">
          <StopPointRef>40004404013B</StopPointRef>
          <TimingStatus>otherPoint</TimingStatus>
        </From>
        <To SequenceNumber="18">
          <StopPointRef>40004404012B</StopPointRef>
          <TimingStatus>otherPoint</TimingStatus>
        </To>
        <RouteLinkRef>rl_0001_17</RouteLinkRef>
        <RunTime>PT1M</RunTime>
      </JourneyPatternTimingLink>
      <JourneyPatternTimingLink id="jptl_27">
        <From SequenceNumber="18">
          <StopPointRef>40004404012B</StopPointRef>
          <TimingStatus>otherPoint</TimingStatus>
        </From>
        <To SequenceNumber="19">
          <StopPointRef>40004404011B</StopPointRef>
          <TimingStatus>otherPoint</TimingStatus>
        </To>
        <RouteLinkRef>rl_0001_18</RouteLinkRef>
        <RunTime>PT1M</RunTime>
      </JourneyPatternTimingLink>
      <JourneyPatternTimingLink id="jptl_28">
        <From SequenceNumber="19">
          <StopPointRef>40004404011B</StopPointRef>
          <TimingStatus>otherPoint</TimingStatus>
        </From>
        <To SequenceNumber="20">
          <StopPointRef>40004404010B</StopPointRef>
          <TimingStatus>principalTimingPoint</TimingStatus>
          <FareStageNumber>7</FareStageNumber>
        </To>
        <RouteLinkRef>rl_0001_19</RouteLinkRef>
        <RunTime>PT1M</RunTime>
      </JourneyPatternTimingLink>
      <JourneyPatternTimingLink id="jptl_29">
        <From SequenceNumber="20">
          <StopPointRef>40004404010B</StopPointRef>
          <TimingStatus>principalTimingPoint</TimingStatus>
        </From>
        <To SequenceNumber="21">
          <StopPointRef>40004404009B</StopPointRef>
          <TimingStatus>otherPoint</TimingStatus>
        </To>
        <RouteLinkRef>rl_0001_20</RouteLinkRef>
        <RunTime>PT2M</RunTime>
      </JourneyPatternTimingLink>
      <JourneyPatternTimingLink id="jptl_30">
        <From SequenceNumber="21">
          <StopPointRef>40004404009B</StopPointRef>
          <TimingStatus>otherPoint</TimingStatus>
        </From>
        <To SequenceNumber="22">
          <StopPointRef>40004404008B</StopPointRef>
          <TimingStatus>otherPoint</TimingStatus>
        </To>
        <RouteLinkRef>rl_0001_21</RouteLinkRef>
        <RunTime>PT2M</RunTime>
      </JourneyPatternTimingLink>
      <JourneyPatternTimingLink id="jptl_31">
        <From SequenceNumber="22">
          <StopPointRef>40004404008B</StopPointRef>
          <TimingStatus>otherPoint</TimingStatus>
        </From>
        <To SequenceNumber="23">
          <StopPointRef>40004404184B</StopPointRef>
          <TimingStatus>principalTimingPoint</TimingStatus>
        </To>
        <RouteLinkRef>rl_0001_22</RouteLinkRef>
        <RunTime>PT0S</RunTime>
      </JourneyPatternTimingLink>
      <JourneyPatternTimingLink id="jptl_32">
        <From SequenceNumber="23">
          <StopPointRef>40004404184B</StopPointRef>
          <TimingStatus>principalTimingPoint</TimingStatus>
        </From>
        <To SequenceNumber="24">
          <StopPointRef>40004404183A</StopPointRef>
          <TimingStatus>otherPoint</TimingStatus>
        </To>
        <RouteLinkRef>rl_0001_23</RouteLinkRef>
        <RunTime>PT1M</RunTime>
      </JourneyPatternTimingLink>
      <JourneyPatternTimingLink id="jptl_33">
        <From SequenceNumber="24">
          <StopPointRef>40004404183A</StopPointRef>
          <TimingStatus>otherPoint</TimingStatus>
        </From>
        <To SequenceNumber="25">
          <StopPointRef>40004404007B</StopPointRef>
          <TimingStatus>otherPoint</TimingStatus>
        </To>
        <RouteLinkRef>rl_0001_24</RouteLinkRef>
        <RunTime>PT0S</RunTime>
      </JourneyPatternTimingLink>
      <JourneyPatternTimingLink id="jptl_34">
        <From SequenceNumber="25">
          <StopPointRef>40004404007B</StopPointRef>
          <TimingStatus>otherPoint</TimingStatus>
        </From>
        <To SequenceNumber="26">
          <StopPointRef>40004404182A</StopPointRef>
          <TimingStatus>otherPoint</TimingStatus>
        </To>
        <RouteLinkRef>rl_0001_25</RouteLinkRef>
        <RunTime>PT0S</RunTime>
      </JourneyPatternTimingLink>
      <JourneyPatternTimingLink id="jptl_35">
        <From SequenceNumber="26">
          <StopPointRef>40004404182A</StopPointRef>
          <TimingStatus>otherPoint</TimingStatus>
        </From>
        <To SequenceNumber="27">
          <StopPointRef>40004404006B</StopPointRef>
          <TimingStatus>otherPoint</TimingStatus>
        </To>
        <RouteLinkRef>rl_0001_26</RouteLinkRef>
        <RunTime>PT1M</RunTime>
      </JourneyPatternTimingLink>
      <JourneyPatternTimingLink id="jptl_36">
        <From SequenceNumber="27">
          <StopPointRef>40004404006B</StopPointRef>
          <TimingStatus>otherPoint</TimingStatus>
        </From>
        <To SequenceNumber="28">
          <StopPointRef>40004404196A</StopPointRef>
          <TimingStatus>otherPoint</TimingStatus>
        </To>
        <RouteLinkRef>rl_0001_27</RouteLinkRef>
        <RunTime>PT1M</RunTime>
      </JourneyPatternTimingLink>
      <JourneyPatternTimingLink id="jptl_37">
        <From SequenceNumber="28">
          <StopPointRef>40004404196A</StopPointRef>
          <TimingStatus>otherPoint</TimingStatus>
        </From>
        <To SequenceNumber="29">
          <StopPointRef>40004404003B</StopPointRef>
          <TimingStatus>principalTimingPoint</TimingStatus>
        </To>
        <RouteLinkRef>rl_0001_28</RouteLinkRef>
        <RunTime>PT1M</RunTime>
      </JourneyPatternTimingLink>
      <JourneyPatternTimingLink id="jptl_38">
        <From SequenceNumber="29">
          <StopPointRef>40004404003B</StopPointRef>
          <TimingStatus>principalTimingPoint</TimingStatus>
        </From>
        <To SequenceNumber="30">
          <StopPointRef>40004405303B</StopPointRef>
          <TimingStatus>otherPoint</TimingStatus>
          <FareStageNumber>5</FareStageNumber>
        </To>
        <RouteLinkRef>rl_0001_29</RouteLinkRef>
        <RunTime>PT2M</RunTime>
      </JourneyPatternTimingLink>
      <JourneyPatternTimingLink id="jptl_39">
        <From SequenceNumber="30">
          <StopPointRef>40004405303B</StopPointRef>
          <TimingStatus>otherPoint</TimingStatus>
        </From>
        <To SequenceNumber="31">
          <StopPointRef>40004404222A</StopPointRef>
          <TimingStatus>principalTimingPoint</TimingStatus>
        </To>
        <RouteLinkRef>rl_0001_30</RouteLinkRef>
        <RunTime>PT1M</RunTime>
      </JourneyPatternTimingLink>
      <JourneyPatternTimingLink id="jptl_40">
        <From SequenceNumber="31">
          <StopPointRef>40004404222A</StopPointRef>
          <TimingStatus>principalTimingPoint</TimingStatus>
        </From>
        <To SequenceNumber="32">
          <StopPointRef>40004405303A</StopPointRef>
          <TimingStatus>otherPoint</TimingStatus>
        </To>
        <RouteLinkRef>rl_0001_31</RouteLinkRef>
        <RunTime>PT0S</RunTime>
      </JourneyPatternTimingLink>
      <JourneyPatternTimingLink id="jptl_41">
        <From SequenceNumber="32">
          <StopPointRef>40004405303A</StopPointRef>
          <TimingStatus>otherPoint</TimingStatus>
        </From>
        <To SequenceNumber="33">
          <StopPointRef>40004405304A</StopPointRef>
          <TimingStatus>principalTimingPoint</TimingStatus>
        </To>
        <RouteLinkRef>rl_0001_32</RouteLinkRef>
        <RunTime>PT4M</RunTime>
      </JourneyPatternTimingLink>
      <JourneyPatternTimingLink id="jptl_42">
        <From SequenceNumber="33">
          <StopPointRef>40004405304A</StopPointRef>
          <TimingStatus>principalTimingPoint</TimingStatus>
        </From>
        <To SequenceNumber="34">
          <StopPointRef>40004405305B</StopPointRef>
          <TimingStatus>otherPoint</TimingStatus>
        </To>
        <RouteLinkRef>rl_0001_33</RouteLinkRef>
        <RunTime>PT2M</RunTime>
      </JourneyPatternTimingLink>
      <JourneyPatternTimingLink id="jptl_43">
        <From SequenceNumber="34">
          <StopPointRef>40004405305B</StopPointRef>
          <TimingStatus>otherPoint</TimingStatus>
        </From>
        <To SequenceNumber="35">
          <StopPointRef>40004405018A</StopPointRef>
          <TimingStatus>otherPoint</TimingStatus>
        </To>
        <RouteLinkRef>rl_0001_34</RouteLinkRef>
        <RunTime>PT2M</RunTime>
      </JourneyPatternTimingLink>
      <JourneyPatternTimingLink id="jptl_44">
        <From SequenceNumber="35">
          <StopPointRef>40004405018A</StopPointRef>
          <TimingStatus>otherPoint</TimingStatus>
        </From>
        <To SequenceNumber="36">
          <StopPointRef>40004405019A</StopPointRef>
          <TimingStatus>principalTimingPoint</TimingStatus>
          <FareStageNumber>4</FareStageNumber>
        </To>
        <RouteLinkRef>rl_0001_35</RouteLinkRef>
        <RunTime>PT5M</RunTime>
      </JourneyPatternTimingLink>
      <JourneyPatternTimingLink id="jptl_45">
        <From SequenceNumber="36">
          <StopPointRef>40004405019A</StopPointRef>
          <TimingStatus>principalTimingPoint</TimingStatus>
        </From>
        <To SequenceNumber="37">
          <StopPointRef>40004405020C</StopPointRef>
          <TimingStatus>otherPoint</TimingStatus>
        </To>
        <RouteLinkRef>rl_0001_36</RouteLinkRef>
        <RunTime>PT0S</RunTime>
      </JourneyPatternTimingLink>
      <JourneyPatternTimingLink id="jptl_46">
        <From SequenceNumber="37">
          <StopPointRef>40004405020C</StopPointRef>
          <TimingStatus>otherPoint</TimingStatus>
        </From>
        <To SequenceNumber="38">
          <StopPointRef>40004405202B</StopPointRef>
          <TimingStatus>otherPoint</TimingStatus>
        </To>
        <RouteLinkRef>rl_0001_37</RouteLinkRef>
        <RunTime>PT1M</RunTime>
      </JourneyPatternTimingLink>
      <JourneyPatternTimingLink id="jptl_47">
        <From SequenceNumber="38">
          <StopPointRef>40004405202B</StopPointRef>
          <TimingStatus>otherPoint</TimingStatus>
        </From>
        <To SequenceNumber="39">
          <StopPointRef>40004405282B</StopPointRef>
          <TimingStatus>otherPoint</TimingStatus>
        </To>
        <RouteLinkRef>rl_0001_38</RouteLinkRef>
        <RunTime>PT1M</RunTime>
      </JourneyPatternTimingLink>
      <JourneyPatternTimingLink id="jptl_48">
        <From SequenceNumber="39">
          <StopPointRef>40004405282B</StopPointRef>
          <TimingStatus>otherPoint</TimingStatus>
        </From>
        <To SequenceNumber="40">
          <Activity>setDown</Activity>
          <StopPointRef>40004405035B</StopPointRef>
          <TimingStatus>principalTimingPoint</TimingStatus>
          <FareStageNumber>3</FareStageNumber>
        </To>
        <RouteLinkRef>rl_0001_39</RouteLinkRef>
        <RunTime>PT2M</RunTime>
      </JourneyPatternTimingLink>
    </JourneyPatternSection>
    <JourneyPatternSection id="js_3">
      <JourneyPatternTimingLink id="jptl_49">
        <From SequenceNumber="1">
          <Activity>pickUp</Activity>
          <StopPointRef>40004405035B</StopPointRef>
          <TimingStatus>principalTimingPoint</TimingStatus>
          <FareStageNumber>3</FareStageNumber>
        </From>
        <To SequenceNumber="2">
          <StopPointRef>40004405034B</StopPointRef>
          <TimingStatus>otherPoint</TimingStatus>
        </To>
        <RouteLinkRef>rl_0002_1</RouteLinkRef>
        <RunTime>PT0S</RunTime>
      </JourneyPatternTimingLink>
      <JourneyPatternTimingLink id="jptl_50">
        <From SequenceNumber="2">
          <StopPointRef>40004405034B</StopPointRef>
          <TimingStatus>otherPoint</TimingStatus>
        </From>
        <To SequenceNumber="3">
          <StopPointRef>40004405023B</StopPointRef>
          <TimingStatus>otherPoint</TimingStatus>
        </To>
        <RouteLinkRef>rl_0002_2</RouteLinkRef>
        <RunTime>PT1M</RunTime>
      </JourneyPatternTimingLink>
      <JourneyPatternTimingLink id="jptl_51">
        <From SequenceNumber="3">
          <StopPointRef>40004405023B</StopPointRef>
          <TimingStatus>otherPoint</TimingStatus>
        </From>
        <To SequenceNumber="4">
          <StopPointRef>40004405022B</StopPointRef>
          <TimingStatus>otherPoint</TimingStatus>
        </To>
        <RouteLinkRef>rl_0002_3</RouteLinkRef>
        <RunTime>PT1M</RunTime>
      </JourneyPatternTimingLink>
      <JourneyPatternTimingLink id="jptl_52">
        <From SequenceNumber="4">
          <StopPointRef>40004405022B</StopPointRef>
          <TimingStatus>otherPoint</TimingStatus>
        </From>
        <To SequenceNumber="5">
          <StopPointRef>40004405021B</StopPointRef>
          <TimingStatus>otherPoint</TimingStatus>
        </To>
        <RouteLinkRef>rl_0002_4</RouteLinkRef>
        <RunTime>PT1M</RunTime>
      </JourneyPatternTimingLink>
      <JourneyPatternTimingLink id="jptl_53">
        <From SequenceNumber="5">
          <StopPointRef>40004405021B</StopPointRef>
          <TimingStatus>otherPoint</TimingStatus>
        </From>
        <To SequenceNumber="6">
          <StopPointRef>40004405020B</StopPointRef>
          <TimingStatus>otherPoint</TimingStatus>
          <FareStageNumber>4</FareStageNumber>
        </To>
        <RouteLinkRef>rl_0002_5</RouteLinkRef>
        <RunTime>PT0S</RunTime>
      </JourneyPatternTimingLink>
      <JourneyPatternTimingLink id="jptl_54">
        <From SequenceNumber="6">
          <StopPointRef>40004405020B</StopPointRef>
          <TimingStatus>otherPoint</TimingStatus>
        </From>
        <To SequenceNumber="7">
          <StopPointRef>40004405019B</StopPointRef>
          <TimingStatus>principalTimingPoint</TimingStatus>
        </To>
        <RouteLinkRef>rl_0002_6</RouteLinkRef>
        <RunTime>PT1M</RunTime>
      </JourneyPatternTimingLink>
      <JourneyPatternTimingLink id="jptl_55">
        <From SequenceNumber="7">
          <StopPointRef>40004405019B</StopPointRef>
          <TimingStatus>principalTimingPoint</TimingStatus>
        </From>
        <To SequenceNumber="8">
          <StopPointRef>40004405018B</StopPointRef>
          <TimingStatus>otherPoint</TimingStatus>
        </To>
        <RouteLinkRef>rl_0002_7</RouteLinkRef>
        <RunTime>PT1M</RunTime>
      </JourneyPatternTimingLink>
      <JourneyPatternTimingLink id="jptl_56">
        <From SequenceNumber="8">
          <StopPointRef>40004405018B</StopPointRef>
          <TimingStatus>otherPoint</TimingStatus>
        </From>
        <To SequenceNumber="9">
          <StopPointRef>40004405305A</StopPointRef>
          <TimingStatus>otherPoint</TimingStatus>
        </To>
        <RouteLinkRef>rl_0002_8</RouteLinkRef>
        <RunTime>PT3M</RunTime>
      </JourneyPatternTimingLink>
      <JourneyPatternTimingLink id="jptl_57">
        <From SequenceNumber="9">
          <StopPointRef>40004405305A</StopPointRef>
          <TimingStatus>otherPoint</TimingStatus>
        </From>
        <To SequenceNumber="10">
          <StopPointRef>40004405304A</StopPointRef>
          <TimingStatus>principalTimingPoint</TimingStatus>
          <FareStageNumber>5</FareStageNumber>
        </To>
        <RouteLinkRef>rl_0002_9</RouteLinkRef>
        <RunTime>PT4M</RunTime>
      </JourneyPatternTimingLink>
      <JourneyPatternTimingLink id="jptl_58">
        <From SequenceNumber="10">
          <StopPointRef>40004405304A</StopPointRef>
          <TimingStatus>principalTimingPoint</TimingStatus>
        </From>
        <To SequenceNumber="11">
          <StopPointRef>40004405303B</StopPointRef>
          <TimingStatus>otherPoint</TimingStatus>
        </To>
        <RouteLinkRef>rl_0002_10</RouteLinkRef>
        <RunTime>PT4M</RunTime>
      </JourneyPatternTimingLink>
      <JourneyPatternTimingLink id="jptl_59">
        <From SequenceNumber="11">
          <StopPointRef>40004405303B</StopPointRef>
          <TimingStatus>otherPoint</TimingStatus>
        </From>
        <To SequenceNumber="12">
          <StopPointRef>40004404222A</StopPointRef>
          <TimingStatus>principalTimingPoint</TimingStatus>
        </To>
        <RouteLinkRef>rl_0002_11</RouteLinkRef>
        <RunTime>PT1M</RunTime>
      </JourneyPatternTimingLink>
      <JourneyPatternTimingLink id="jptl_60">
        <From SequenceNumber="12">
          <StopPointRef>40004404222A</StopPointRef>
          <TimingStatus>principalTimingPoint</TimingStatus>
        </From>
        <To SequenceNumber="13">
          <StopPointRef>40004405303A</StopPointRef>
          <TimingStatus>otherPoint</TimingStatus>
        </To>
        <RouteLinkRef>rl_0002_12</RouteLinkRef>
        <RunTime>PT1M</RunTime>
      </JourneyPatternTimingLink>
      <JourneyPatternTimingLink id="jptl_61">
        <From SequenceNumber="13">
          <StopPointRef>40004405303A</StopPointRef>
          <TimingStatus>otherPoint</TimingStatus>
        </From>
        <To SequenceNumber="14">
          <StopPointRef>40004404003A</StopPointRef>
          <TimingStatus>principalTimingPoint</TimingStatus>
          <FareStageNumber>7</FareStageNumber>
        </To>
        <RouteLinkRef>rl_0002_13</RouteLinkRef>
        <RunTime>PT2M</RunTime>
      </JourneyPatternTimingLink>
      <JourneyPatternTimingLink id="jptl_62">
        <From SequenceNumber="14">
          <StopPointRef>40004404003A</StopPointRef>
          <TimingStatus>principalTimingPoint</TimingStatus>
        </From>
        <To SequenceNumber="15">
          <StopPointRef>40004404006A</StopPointRef>
          <TimingStatus>otherPoint</TimingStatus>
        </To>
        <RouteLinkRef>rl_0002_14</RouteLinkRef>
        <RunTime>PT1M</RunTime>
      </JourneyPatternTimingLink>
      <JourneyPatternTimingLink id="jptl_63">
        <From SequenceNumber="15">
          <StopPointRef>40004404006A</StopPointRef>
          <TimingStatus>otherPoint</TimingStatus>
        </From>
        <To SequenceNumber="16">
          <StopPointRef>40004404182B</StopPointRef>
          <TimingStatus>otherPoint</TimingStatus>
        </To>
        <RouteLinkRef>rl_0002_15</RouteLinkRef>
        <RunTime>PT1M</RunTime>
      </JourneyPatternTimingLink>
      <JourneyPatternTimingLink id="jptl_64">
        <From SequenceNumber="16">
          <StopPointRef>40004404182B</StopPointRef>
          <TimingStatus>otherPoint</TimingStatus>
        </From>
        <To SequenceNumber="17">
          <StopPointRef>40004404007A</StopPointRef>
          <TimingStatus>otherPoint</TimingStatus>
        </To>
        <RouteLinkRef>rl_0002_16</RouteLinkRef>
        <RunTime>PT0S</RunTime>
      </JourneyPatternTimingLink>
      <JourneyPatternTimingLink id="jptl_65">
        <From SequenceNumber="17">
          <StopPointRef>40004404007A</StopPointRef>
          <TimingStatus>otherPoint</TimingStatus>
        </From>
        <To SequenceNumber="18">
          <StopPointRef>40004404183B</StopPointRef>
          <TimingStatus>otherPoint</TimingStatus>
        </To>
        <RouteLinkRef>rl_0002_17</RouteLinkRef>
        <RunTime>PT1M</RunTime>
      </JourneyPatternTimingLink>
      <JourneyPatternTimingLink id="jptl_66">
        <From SequenceNumber="18">
          <StopPointRef>40004404183B</StopPointRef>
          <TimingStatus>otherPoint</TimingStatus>
        </From>
        <To SequenceNumber="19">
          <StopPointRef>40004404184A</StopPointRef>
          <TimingStatus>principalTimingPoint</TimingStatus>
        </To>
        <RouteLinkRef>rl_0002_18</RouteLinkRef>
        <RunTime>PT1M</RunTime>
      </JourneyPatternTimingLink>
      <JourneyPatternTimingLink id="jptl_67">
        <From SequenceNumber="19">
          <StopPointRef>40004404184A</StopPointRef>
          <TimingStatus>principalTimingPoint</TimingStatus>
        </From>
        <To SequenceNumber="20">
          <StopPointRef>40004404008A</StopPointRef>
          <TimingStatus>otherPoint</TimingStatus>
        </To>
        <RouteLinkRef>rl_0002_19</RouteLinkRef>
        <RunTime>PT1M</RunTime>
      </JourneyPatternTimingLink>
      <JourneyPatternTimingLink id="jptl_68">
        <From SequenceNumber="20">
          <StopPointRef>40004404008A</StopPointRef>
          <TimingStatus>otherPoint</TimingStatus>
        </From>
        <To SequenceNumber="21">
          <StopPointRef>40004404009A</StopPointRef>
          <TimingStatus>otherPoint</TimingStatus>
        </To>
        <RouteLinkRef>rl_0002_20</RouteLinkRef>
        <RunTime>PT1M</RunTime>
      </JourneyPatternTimingLink>
      <JourneyPatternTimingLink id="jptl_69">
        <From SequenceNumber="21">
          <StopPointRef>40004404009A</StopPointRef>
          <TimingStatus>otherPoint</TimingStatus>
        </From>
        <To SequenceNumber="22">
          <StopPointRef>40004404010A</StopPointRef>
          <TimingStatus>principalTimingPoint</TimingStatus>
        </To>
        <RouteLinkRef>rl_0002_21</RouteLinkRef>
        <RunTime>PT1M</RunTime>
      </JourneyPatternTimingLink>
      <JourneyPatternTimingLink id="jptl_70">
        <From SequenceNumber="22">
          <StopPointRef>40004404010A</StopPointRef>
          <TimingStatus>principalTimingPoint</TimingStatus>
        </From>
        <To SequenceNumber="23">
          <StopPointRef>40004404011A</StopPointRef>
          <TimingStatus>otherPoint</TimingStatus>
        </To>
        <RouteLinkRef>rl_0002_22</RouteLinkRef>
        <RunTime>PT0S</RunTime>
      </JourneyPatternTimingLink>
      <JourneyPatternTimingLink id="jptl_71">
        <From SequenceNumber="23">
          <StopPointRef>40004404011A</StopPointRef>
          <TimingStatus>otherPoint</TimingStatus>
        </From>
        <To SequenceNumber="24">
          <StopPointRef>40004404012A</StopPointRef>
          <TimingStatus>otherPoint</TimingStatus>
        </To>
        <RouteLinkRef>rl_0002_23</RouteLinkRef>
        <RunTime>PT1M</RunTime>
      </JourneyPatternTimingLink>
      <JourneyPatternTimingLink id="jptl_72">
        <From SequenceNumber="24">
          <StopPointRef>40004404012A</StopPointRef>
          <TimingStatus>otherPoint</TimingStatus>
        </From>
        <To SequenceNumber="25">
          <StopPointRef>40004404013A</StopPointRef>
          <TimingStatus>otherPoint</TimingStatus>
        </To>
        <RouteLinkRef>rl_0002_24</RouteLinkRef>
        <RunTime>PT1M</RunTime>
      </JourneyPatternTimingLink>
      <JourneyPatternTimingLink id="jptl_73">
        <From SequenceNumber="25">
          <StopPointRef>40004404013A</StopPointRef>
          <TimingStatus>otherPoint</TimingStatus>
        </From>
        <To SequenceNumber="26">
          <StopPointRef>40004404017A</StopPointRef>
          <TimingStatus>principalTimingPoint</TimingStatus>
          <FareStageNumber>8</FareStageNumber>
        </To>
        <RouteLinkRef>rl_0002_25</RouteLinkRef>
        <RunTime>PT2M</RunTime>
      </JourneyPatternTimingLink>
      <JourneyPatternTimingLink id="jptl_74">
        <From SequenceNumber="26">
          <StopPointRef>40004404017A</StopPointRef>
          <TimingStatus>principalTimingPoint</TimingStatus>
        </From>
        <To SequenceNumber="27">
          <StopPointRef>40004404018A</StopPointRef>
          <TimingStatus>otherPoint</TimingStatus>
        </To>
        <RouteLinkRef>rl_0002_26</RouteLinkRef>
        <RunTime>PT1M</RunTime>
      </JourneyPatternTimingLink>
      <JourneyPatternTimingLink id="jptl_75">
        <From SequenceNumber="27">
          <StopPointRef>40004404018A</StopPointRef>
          <TimingStatus>otherPoint</TimingStatus>
        </From>
        <To SequenceNumber="28">
          <StopPointRef>40004404201A</StopPointRef>
          <TimingStatus>otherPoint</TimingStatus>
        </To>
        <RouteLinkRef>rl_0002_27</RouteLinkRef>
        <RunTime>PT2M</RunTime>
      </JourneyPatternTimingLink>
      <JourneyPatternTimingLink id="jptl_76">
        <From SequenceNumber="28">
          <StopPointRef>40004404201A</StopPointRef>
          <TimingStatus>otherPoint</TimingStatus>
        </From>
        <To SequenceNumber="29">
          <StopPointRef>40004404041A</StopPointRef>
          <TimingStatus>otherPoint</TimingStatus>
          <FareStageNumber>9</FareStageNumber>
        </To>
        <RouteLinkRef>rl_0002_28</RouteLinkRef>
        <RunTime>PT1M</RunTime>
      </JourneyPatternTimingLink>
      <JourneyPatternTimingLink id="jptl_77">
        <From SequenceNumber="29">
          <StopPointRef>40004404041A</StopPointRef>
          <TimingStatus>otherPoint</TimingStatus>
        </From>
        <To SequenceNumber="30">
          <StopPointRef>40004404042A</StopPointRef>
          <TimingStatus>otherPoint</TimingStatus>
        </To>
        <RouteLinkRef>rl_0002_29</RouteLinkRef>
        <RunTime>PT0S</RunTime>
      </JourneyPatternTimingLink>
      <JourneyPatternTimingLink id="jptl_78">
        <From SequenceNumber="30">
          <StopPointRef>40004404042A</StopPointRef>
          <TimingStatus>otherPoint</TimingStatus>
        </From>
        <To SequenceNumber="31">
          <StopPointRef>40004404043A</StopPointRef>
          <TimingStatus>principalTimingPoint</TimingStatus>
        </To>
        <RouteLinkRef>rl_0002_30</RouteLinkRef>
        <RunTime>PT1M</RunTime>
      </JourneyPatternTimingLink>
      <JourneyPatternTimingLink id="jptl_79">
        <From SequenceNumber="31">
          <StopPointRef>40004404043A</StopPointRef>
          <TimingStatus>principalTimingPoint</TimingStatus>
        </From>
        <To SequenceNumber="32">
          <StopPointRef>40004404044A</StopPointRef>
          <TimingStatus>otherPoint</TimingStatus>
        </To>
        <RouteLinkRef>rl_0002_31</RouteLinkRef>
        <RunTime>PT1M</RunTime>
      </JourneyPatternTimingLink>
      <JourneyPatternTimingLink id="jptl_80">
        <From SequenceNumber="32">
          <StopPointRef>40004404044A</StopPointRef>
          <TimingStatus>otherPoint</TimingStatus>
        </From>
        <To SequenceNumber="33">
          <StopPointRef>40004406935A</StopPointRef>
          <TimingStatus>otherPoint</TimingStatus>
        </To>
        <RouteLinkRef>rl_0002_32</RouteLinkRef>
        <RunTime>PT1M</RunTime>
      </JourneyPatternTimingLink>
      <JourneyPatternTimingLink id="jptl_81">
        <From SequenceNumber="33">
          <StopPointRef>40004406935A</StopPointRef>
          <TimingStatus>otherPoint</TimingStatus>
        </From>
        <To SequenceNumber="34">
          <StopPointRef>40004404045A</StopPointRef>
          <TimingStatus>otherPoint</TimingStatus>
        </To>
        <RouteLinkRef>rl_0002_33</RouteLinkRef>
        <RunTime>PT1M</RunTime>
      </JourneyPatternTimingLink>
      <JourneyPatternTimingLink id="jptl_82">
        <From SequenceNumber="34">
          <StopPointRef>40004404045A</StopPointRef>
          <TimingStatus>otherPoint</TimingStatus>
        </From>
        <To SequenceNumber="35">
          <StopPointRef>40004404046B</StopPointRef>
          <TimingStatus>otherPoint</TimingStatus>
        </To>
        <RouteLinkRef>rl_0002_34</RouteLinkRef>
        <RunTime>PT1M</RunTime>
      </JourneyPatternTimingLink>
      <JourneyPatternTimingLink id="jptl_83">
        <From SequenceNumber="35">
          <StopPointRef>40004404046B</StopPointRef>
          <TimingStatus>otherPoint</TimingStatus>
        </From>
        <To SequenceNumber="36">
          <StopPointRef>40004404047B</StopPointRef>
          <TimingStatus>otherPoint</TimingStatus>
        </To>
        <RouteLinkRef>rl_0002_35</RouteLinkRef>
        <RunTime>PT1M</RunTime>
      </JourneyPatternTimingLink>
      <JourneyPatternTimingLink id="jptl_84">
        <From SequenceNumber="36">
          <StopPointRef>40004404047B</StopPointRef>
          <TimingStatus>otherPoint</TimingStatus>
        </From>
        <To SequenceNumber="37">
          <StopPointRef>40004404048A</StopPointRef>
          <TimingStatus>otherPoint</TimingStatus>
        </To>
        <RouteLinkRef>rl_0002_36</RouteLinkRef>
        <RunTime>PT1M</RunTime>
      </JourneyPatternTimingLink>
      <JourneyPatternTimingLink id="jptl_85">
        <From SequenceNumber="37">
          <StopPointRef>40004404048A</StopPointRef>
          <TimingStatus>otherPoint</TimingStatus>
        </From>
        <To SequenceNumber="38">
          <StopPointRef>40004404049A</StopPointRef>
          <TimingStatus>otherPoint</TimingStatus>
        </To>
        <RouteLinkRef>rl_0002_37</RouteLinkRef>
        <RunTime>PT1M</RunTime>
      </JourneyPatternTimingLink>
      <JourneyPatternTimingLink id="jptl_86">
        <From SequenceNumber="38">
          <StopPointRef>40004404049A</StopPointRef>
          <TimingStatus>otherPoint</TimingStatus>
        </From>
        <To SequenceNumber="39">
          <StopPointRef>40004404050A</StopPointRef>
          <TimingStatus>otherPoint</TimingStatus>
        </To>
        <RouteLinkRef>rl_0002_38</RouteLinkRef>
        <RunTime>PT1M</RunTime>
      </JourneyPatternTimingLink>
      <JourneyPatternTimingLink id="jptl_87">
        <From SequenceNumber="39">
          <StopPointRef>40004404050A</StopPointRef>
          <TimingStatus>otherPoint</TimingStatus>
        </From>
        <To SequenceNumber="40">
          <Activity>setDown</Activity>
          <StopPointRef>40004404140E</StopPointRef>
          <TimingStatus>principalTimingPoint</TimingStatus>
          <FareStageNumber>10</FareStageNumber>
        </To>
        <RouteLinkRef>rl_0002_39</RouteLinkRef>
        <RunTime>PT1M</RunTime>
      </JourneyPatternTimingLink>
    </JourneyPatternSection>
    <JourneyPatternSection id="js_4">
      <JourneyPatternTimingLink id="jptl_88">
        <From SequenceNumber="1">
          <Activity>pickUp</Activity>
          <StopPointRef>40004405035B</StopPointRef>
          <TimingStatus>principalTimingPoint</TimingStatus>
          <FareStageNumber>3</FareStageNumber>
        </From>
        <To SequenceNumber="2">
          <StopPointRef>40004405034B</StopPointRef>
          <TimingStatus>otherPoint</TimingStatus>
        </To>
        <RouteLinkRef>rl_0003_1</RouteLinkRef>
        <RunTime>PT0S</RunTime>
      </JourneyPatternTimingLink>
      <JourneyPatternTimingLink id="jptl_89">
        <From SequenceNumber="2">
          <StopPointRef>40004405034B</StopPointRef>
          <TimingStatus>otherPoint</TimingStatus>
        </From>
        <To SequenceNumber="3">
          <StopPointRef>40004405023B</StopPointRef>
          <TimingStatus>otherPoint</TimingStatus>
        </To>
        <RouteLinkRef>rl_0003_2</RouteLinkRef>
        <RunTime>PT1M</RunTime>
      </JourneyPatternTimingLink>
      <JourneyPatternTimingLink id="jptl_90">
        <From SequenceNumber="3">
          <StopPointRef>40004405023B</StopPointRef>
          <TimingStatus>otherPoint</TimingStatus>
        </From>
        <To SequenceNumber="4">
          <StopPointRef>40004405022B</StopPointRef>
          <TimingStatus>otherPoint</TimingStatus>
        </To>
        <RouteLinkRef>rl_0003_3</RouteLinkRef>
        <RunTime>PT1M</RunTime>
      </JourneyPatternTimingLink>
      <JourneyPatternTimingLink id="jptl_91">
        <From SequenceNumber="4">
          <StopPointRef>40004405022B</StopPointRef>
          <TimingStatus>otherPoint</TimingStatus>
        </From>
        <To SequenceNumber="5">
          <StopPointRef>40004405021B</StopPointRef>
          <TimingStatus>otherPoint</TimingStatus>
        </To>
        <RouteLinkRef>rl_0003_4</RouteLinkRef>
        <RunTime>PT1M</RunTime>
      </JourneyPatternTimingLink>
      <JourneyPatternTimingLink id="jptl_92">
        <From SequenceNumber="5">
          <StopPointRef>40004405021B</StopPointRef>
          <TimingStatus>otherPoint</TimingStatus>
        </From>
        <To SequenceNumber="6">
          <StopPointRef>40004405020B</StopPointRef>
          <TimingStatus>otherPoint</TimingStatus>
          <FareStageNumber>4</FareStageNumber>
        </To>
        <RouteLinkRef>rl_0003_5</RouteLinkRef>
        <RunTime>PT0S</RunTime>
      </JourneyPatternTimingLink>
      <JourneyPatternTimingLink id="jptl_93">
        <From SequenceNumber="6">
          <StopPointRef>40004405020B</StopPointRef>
          <TimingStatus>otherPoint</TimingStatus>
        </From>
        <To SequenceNumber="7">
          <StopPointRef>40004405019B</StopPointRef>
          <TimingStatus>principalTimingPoint</TimingStatus>
        </To>
        <RouteLinkRef>rl_0003_6</RouteLinkRef>
        <RunTime>PT1M</RunTime>
      </JourneyPatternTimingLink>
      <JourneyPatternTimingLink id="jptl_94">
        <From SequenceNumber="7">
          <StopPointRef>40004405019B</StopPointRef>
          <TimingStatus>principalTimingPoint</TimingStatus>
        </From>
        <To SequenceNumber="8">
          <StopPointRef>40004405018B</StopPointRef>
          <TimingStatus>otherPoint</TimingStatus>
        </To>
        <RouteLinkRef>rl_0003_7</RouteLinkRef>
        <RunTime>PT1M</RunTime>
      </JourneyPatternTimingLink>
      <JourneyPatternTimingLink id="jptl_95">
        <From SequenceNumber="8">
          <StopPointRef>40004405018B</StopPointRef>
          <TimingStatus>otherPoint</TimingStatus>
        </From>
        <To SequenceNumber="9">
          <StopPointRef>40004405305A</StopPointRef>
          <TimingStatus>otherPoint</TimingStatus>
        </To>
        <RouteLinkRef>rl_0003_8</RouteLinkRef>
        <RunTime>PT3M</RunTime>
      </JourneyPatternTimingLink>
      <JourneyPatternTimingLink id="jptl_96">
        <From SequenceNumber="9">
          <StopPointRef>40004405305A</StopPointRef>
          <TimingStatus>otherPoint</TimingStatus>
        </From>
        <To SequenceNumber="10">
          <StopPointRef>40004405304A</StopPointRef>
          <TimingStatus>principalTimingPoint</TimingStatus>
          <FareStageNumber>5</FareStageNumber>
        </To>
        <RouteLinkRef>rl_0003_9</RouteLinkRef>
        <RunTime>PT4M</RunTime>
      </JourneyPatternTimingLink>
      <JourneyPatternTimingLink id="jptl_97">
        <From SequenceNumber="10">
          <StopPointRef>40004405304A</StopPointRef>
          <TimingStatus>principalTimingPoint</TimingStatus>
        </From>
        <To SequenceNumber="11">
          <StopPointRef>40004405303B</StopPointRef>
          <TimingStatus>otherPoint</TimingStatus>
        </To>
        <RouteLinkRef>rl_0003_10</RouteLinkRef>
        <RunTime>PT4M</RunTime>
      </JourneyPatternTimingLink>
      <JourneyPatternTimingLink id="jptl_98">
        <From SequenceNumber="11">
          <StopPointRef>40004405303B</StopPointRef>
          <TimingStatus>otherPoint</TimingStatus>
        </From>
        <To SequenceNumber="12">
          <Activity>setDown</Activity>
          <StopPointRef>40004404222A</StopPointRef>
          <TimingStatus>principalTimingPoint</TimingStatus>
        </To>
        <RouteLinkRef>rl_0003_11</RouteLinkRef>
        <RunTime>PT1M</RunTime>
      </JourneyPatternTimingLink>
    </JourneyPatternSection>
  </JourneyPatternSections>
  <Operators>
    <Operator id="tkt_oid">
      <NationalOperatorCode>FALC</NationalOperatorCode>
      <OperatorCode>FALC</OperatorCode>
      <OperatorShortName>Falcon Coaches Ltd</OperatorShortName>
      <LicenceNumber>PK1109969</LicenceNumber>
    </Operator>
  </Operators>
  <Services>
    <Service>
      <ServiceCode>PK1109969:13</ServiceCode>
      <Lines>
        <Line id="FALC:PK1109969:13:436">
          <LineName>436</LineName>
          <OutboundDescription>
            <Description>Woking to Weybridge</Description>
          </OutboundDescription>
          <InboundDescription>
            <Description>Weybridge to Woking</Description>
          </InboundDescription>
        </Line>
      </Lines>
      <OperatingPeriod>
        <StartDate>2025-05-27</StartDate>
      </OperatingPeriod>
      <OperatingProfile>
        <RegularDayType>
          <DaysOfWeek>
            <Sunday />
          </DaysOfWeek>
        </RegularDayType>
        <BankHolidayOperation>
          <DaysOfOperation>
            <GoodFriday />
            <NewYearsDay />
            <LateSummerBankHolidayNotScotland />
            <MayDay />
            <EasterMonday />
            <SpringBank />
            <ChristmasDayHoliday />
            <BoxingDayHoliday />
            <NewYearsDayHoliday />
          </DaysOfOperation>
          <DaysOfNonOperation>
            <ChristmasDay />
            <BoxingDay />
            <ChristmasEve />
            <NewYearsEve />
          </DaysOfNonOperation>
        </BankHolidayOperation>
      </OperatingProfile>
      <RegisteredOperatorRef>tkt_oid</RegisteredOperatorRef>
      <PublicUse>true</PublicUse>
      <StandardService>
        <Origin>Woking</Origin>
        <Destination>Weybridge</Destination>
        <JourneyPattern id="jp_1">
          <DestinationDisplay>Ship Hotel</DestinationDisplay>
          <OperatorRef>tkt_oid</OperatorRef>
          <Direction>inbound</Direction>
          <RouteRef>rt_0000</RouteRef>
          <JourneyPatternSectionRefs>js_1</JourneyPatternSectionRefs>
        </JourneyPattern>
        <JourneyPattern id="jp_2">
          <DestinationDisplay>Ship Hotel</DestinationDisplay>
          <OperatorRef>tkt_oid</OperatorRef>
          <Direction>inbound</Direction>
          <RouteRef>rt_0001</RouteRef>
          <JourneyPatternSectionRefs>js_2</JourneyPatternSectionRefs>
        </JourneyPattern>
        <JourneyPattern id="jp_3">
          <DestinationDisplay>Woking Railway Station (stop 5)</DestinationDisplay>
          <OperatorRef>tkt_oid</OperatorRef>
          <Direction>outbound</Direction>
          <RouteRef>rt_0002</RouteRef>
          <JourneyPatternSectionRefs>js_3</JourneyPatternSectionRefs>
        </JourneyPattern>
        <JourneyPattern id="jp_4">
          <DestinationDisplay>Marks and Spencers</DestinationDisplay>
          <OperatorRef>tkt_oid</OperatorRef>
          <Direction>outbound</Direction>
          <RouteRef>rt_0003</RouteRef>
          <JourneyPatternSectionRefs>js_4</JourneyPatternSectionRefs>
        </JourneyPattern>
      </StandardService>
    </Service>
  </Services>
  <VehicleJourneys>
    <VehicleJourney>
      <OperatorRef>tkt_oid</OperatorRef>
      <Operational>
        <TicketMachine>
          <JourneyCode>0841</JourneyCode>
        </TicketMachine>
      </Operational>
      <VehicleJourneyCode>vj_1</VehicleJourneyCode>
      <ServiceRef>PK1109969:13</ServiceRef>
      <LineRef>FALC:PK1109969:13:436</LineRef>
      <JourneyPatternRef>jp_1</JourneyPatternRef>
      <DepartureTime>08:41:00</DepartureTime>
    </VehicleJourney>
    <VehicleJourney>
      <OperatorRef>tkt_oid</OperatorRef>
      <Operational>
        <TicketMachine>
          <JourneyCode>1005</JourneyCode>
        </TicketMachine>
      </Operational>
      <VehicleJourneyCode>vj_2</VehicleJourneyCode>
      <ServiceRef>PK1109969:13</ServiceRef>
      <LineRef>FALC:PK1109969:13:436</LineRef>
      <JourneyPatternRef>jp_2</JourneyPatternRef>
      <DepartureTime>10:05:00</DepartureTime>
    </VehicleJourney>
    <VehicleJourney>
      <OperatorRef>tkt_oid</OperatorRef>
      <Operational>
        <TicketMachine>
          <JourneyCode>1205</JourneyCode>
        </TicketMachine>
      </Operational>
      <VehicleJourneyCode>vj_3</VehicleJourneyCode>
      <ServiceRef>PK1109969:13</ServiceRef>
      <LineRef>FALC:PK1109969:13:436</LineRef>
      <JourneyPatternRef>jp_2</JourneyPatternRef>
      <DepartureTime>12:05:00</DepartureTime>
    </VehicleJourney>
    <VehicleJourney>
      <OperatorRef>tkt_oid</OperatorRef>
      <Operational>
        <TicketMachine>
          <JourneyCode>1405</JourneyCode>
        </TicketMachine>
      </Operational>
      <VehicleJourneyCode>vj_4</VehicleJourneyCode>
      <ServiceRef>PK1109969:13</ServiceRef>
      <LineRef>FALC:PK1109969:13:436</LineRef>
      <JourneyPatternRef>jp_2</JourneyPatternRef>
      <DepartureTime>14:05:00</DepartureTime>
    </VehicleJourney>
    <VehicleJourney>
      <OperatorRef>tkt_oid</OperatorRef>
      <Operational>
        <TicketMachine>
          <JourneyCode>1605</JourneyCode>
        </TicketMachine>
      </Operational>
      <VehicleJourneyCode>vj_5</VehicleJourneyCode>
      <ServiceRef>PK1109969:13</ServiceRef>
      <LineRef>FALC:PK1109969:13:436</LineRef>
      <JourneyPatternRef>jp_2</JourneyPatternRef>
      <DepartureTime>16:05:00</DepartureTime>
    </VehicleJourney>
    <VehicleJourney>
      <OperatorRef>tkt_oid</OperatorRef>
      <Operational>
        <TicketMachine>
          <JourneyCode>0912</JourneyCode>
        </TicketMachine>
      </Operational>
      <VehicleJourneyCode>vj_6</VehicleJourneyCode>
      <ServiceRef>PK1109969:13</ServiceRef>
      <LineRef>FALC:PK1109969:13:436</LineRef>
      <JourneyPatternRef>jp_3</JourneyPatternRef>
      <DepartureTime>09:12:00</DepartureTime>
    </VehicleJourney>
    <VehicleJourney>
      <OperatorRef>tkt_oid</OperatorRef>
      <Operational>
        <TicketMachine>
          <JourneyCode>1112</JourneyCode>
        </TicketMachine>
      </Operational>
      <VehicleJourneyCode>vj_7</VehicleJourneyCode>
      <ServiceRef>PK1109969:13</ServiceRef>
      <LineRef>FALC:PK1109969:13:436</LineRef>
      <JourneyPatternRef>jp_3</JourneyPatternRef>
      <DepartureTime>11:12:00</DepartureTime>
    </VehicleJourney>
    <VehicleJourney>
      <OperatorRef>tkt_oid</OperatorRef>
      <Operational>
        <TicketMachine>
          <JourneyCode>1312</JourneyCode>
        </TicketMachine>
      </Operational>
      <VehicleJourneyCode>vj_8</VehicleJourneyCode>
      <ServiceRef>PK1109969:13</ServiceRef>
      <LineRef>FALC:PK1109969:13:436</LineRef>
      <JourneyPatternRef>jp_3</JourneyPatternRef>
      <DepartureTime>13:12:00</DepartureTime>
    </VehicleJourney>
    <VehicleJourney>
      <OperatorRef>tkt_oid</OperatorRef>
      <Operational>
        <TicketMachine>
          <JourneyCode>1512</JourneyCode>
        </TicketMachine>
      </Operational>
      <VehicleJourneyCode>vj_9</VehicleJourneyCode>
      <ServiceRef>PK1109969:13</ServiceRef>
      <LineRef>FALC:PK1109969:13:436</LineRef>
      <JourneyPatternRef>jp_3</JourneyPatternRef>
      <DepartureTime>15:12:00</DepartureTime>
    </VehicleJourney>
    <VehicleJourney>
      <OperatorRef>tkt_oid</OperatorRef>
      <Operational>
        <TicketMachine>
          <JourneyCode>1712</JourneyCode>
        </TicketMachine>
      </Operational>
      <VehicleJourneyCode>vj_10</VehicleJourneyCode>
      <ServiceRef>PK1109969:13</ServiceRef>
      <LineRef>FALC:PK1109969:13:436</LineRef>
      <JourneyPatternRef>jp_4</JourneyPatternRef>
      <DepartureTime>17:12:00</DepartureTime>
    </VehicleJourney>
  </VehicleJourneys>
</TransXChange>