﻿<?xml version="1.0" encoding="utf-8"?>
<TransXChange xmlns:xsi="http://www.w3.org/2001/XMLSchema-instance" SchemaVersion="2.4" CreationDateTime="2025-09-23T07:38:56" ModificationDateTime="2025-11-29T13:56:39" Modification="revise" RevisionNumber="2" FileName="FALC_81_FALCPK11099692881_20251229_20251231_2251498.xml" xmlns="http://www.transxchange.org.uk/">
  <StopPoints>
    <AnnotatedStopPointRef>
      <StopPointRef>40004404140D</StopPointRef>
      <CommonName>Woking Railway Station stop 4</CommonName>
      <Location>
        <Longitude>-0.555554</Longitude>
        <Latitude>51.319333</Latitude>
      </Location>
    </AnnotatedStopPointRef>
    <AnnotatedStopPointRef>
      <StopPointRef>40004406977A</StopPointRef>
      <CommonName>High Street Link Road</CommonName>
      <Location>
        <Longitude>-0.560199</Longitude>
        <Latitude>51.317663</Latitude>
      </Location>
    </AnnotatedStopPointRef>
    <AnnotatedStopPointRef>
      <StopPointRef>40004404081C</StopPointRef>
      <CommonName>Consort Court</CommonName>
      <Location>
        <Longitude>-0.560663</Longitude>
        <Latitude>51.314738</Latitude>
      </Location>
    </AnnotatedStopPointRef>
    <AnnotatedStopPointRef>
      <StopPointRef>40004404816A</StopPointRef>
      <CommonName>Montgomery Road</CommonName>
      <Location>
        <Longitude>-0.561484</Longitude>
        <Latitude>51.314209</Latitude>
      </Location>
    </AnnotatedStopPointRef>
    <AnnotatedStopPointRef>
      <StopPointRef>40004404168B</StopPointRef>
      <CommonName>Brooklyn Road</CommonName>
      <Location>
        <Longitude>-0.564099</Longitude>
        <Latitude>51.313179</Latitude>
      </Location>
    </AnnotatedStopPointRef>
    <AnnotatedStopPointRef>
      <StopPointRef>40004404816B</StopPointRef>
      <CommonName>Mount Hermon Road</CommonName>
      <Location>
        <Longitude>-0.567307</Longitude>
        <Latitude>51.311070</Latitude>
      </Location>
    </AnnotatedStopPointRef>
    <AnnotatedStopPointRef>
      <StopPointRef>40004404816C</StopPointRef>
      <CommonName>West Hill Road</CommonName>
      <Location>
        <Longitude>-0.566750</Longitude>
        <Latitude>51.310065</Latitude>
      </Location>
    </AnnotatedStopPointRef>
    <AnnotatedStopPointRef>
      <StopPointRef>40004404075B</StopPointRef>
      <CommonName>Acacia Avenue</CommonName>
      <Location>
        <Longitude>-0.568675</Longitude>
        <Latitude>51.306734</Latitude>
      </Location>
    </AnnotatedStopPointRef>
    <AnnotatedStopPointRef>
      <StopPointRef>40004404817A</StopPointRef>
      <CommonName>Barnsbury Farm Estate</CommonName>
      <Location>
        <Longitude>-0.568359</Longitude>
        <Latitude>51.306298</Latitude>
      </Location>
    </AnnotatedStopPointRef>
    <AnnotatedStopPointRef>
      <StopPointRef>40004404817B</StopPointRef>
      <CommonName>Hawthorn Road</CommonName>
      <Location>
        <Longitude>-0.566804</Longitude>
        <Latitude>51.306468</Latitude>
      </Location>
    </AnnotatedStopPointRef>
    <AnnotatedStopPointRef>
      <StopPointRef>40004404817C</StopPointRef>
      <CommonName>Hawthorn Close</CommonName>
      <Location>
        <Longitude>-0.565639</Longitude>
        <Latitude>51.306580</Latitude>
      </Location>
    </AnnotatedStopPointRef>
    <AnnotatedStopPointRef>
      <StopPointRef>40004404817D</StopPointRef>
      <CommonName>Ash Road</CommonName>
      <Location>
        <Longitude>-0.566144</Longitude>
        <Latitude>51.305102</Latitude>
      </Location>
    </AnnotatedStopPointRef>
    <AnnotatedStopPointRef>
      <StopPointRef>40004404817E</StopPointRef>
      <CommonName>Laburnum Road</CommonName>
      <Location>
        <Longitude>-0.566811</Longitude>
        <Latitude>51.303474</Latitude>
      </Location>
    </AnnotatedStopPointRef>
    <AnnotatedStopPointRef>
      <StopPointRef>40004404817F</StopPointRef>
      <CommonName>Hawthorn Road South</CommonName>
      <Location>
        <Longitude>-0.568260</Longitude>
        <Latitude>51.303006</Latitude>
      </Location>
    </AnnotatedStopPointRef>
    <AnnotatedStopPointRef>
      <StopPointRef>40004404817G</StopPointRef>
      <CommonName>Barnsbury School</CommonName>
      <Location>
        <Longitude>-0.570166</Longitude>
        <Latitude>51.303074</Latitude>
      </Location>
    </AnnotatedStopPointRef>
    <AnnotatedStopPointRef>
      <StopPointRef>40004404075A</StopPointRef>
      <CommonName>Acacia Avenue</CommonName>
      <Location>
        <Longitude>-0.569692</Longitude>
        <Latitude>51.306341</Latitude>
      </Location>
    </AnnotatedStopPointRef>
    <AnnotatedStopPointRef>
      <StopPointRef>40004404076A</StopPointRef>
      <CommonName>West Hill</CommonName>
      <Location>
        <Longitude>-0.567267</Longitude>
        <Latitude>51.309109</Latitude>
      </Location>
    </AnnotatedStopPointRef>
    <AnnotatedStopPointRef>
      <StopPointRef>40004404816D</StopPointRef>
      <CommonName>Mount Hermon Road</CommonName>
      <Location>
        <Longitude>-0.567477</Longitude>
        <Latitude>51.311153</Latitude>
      </Location>
    </AnnotatedStopPointRef>
    <AnnotatedStopPointRef>
      <StopPointRef>40004404168A</StopPointRef>
      <CommonName>Brooklyn Road</CommonName>
      <Location>
        <Longitude>-0.564137</Longitude>
        <Latitude>51.313315</Latitude>
      </Location>
    </AnnotatedStopPointRef>
    <AnnotatedStopPointRef>
      <StopPointRef>40004406974A</StopPointRef>
      <CommonName>Home Worth House</CommonName>
      <Location>
        <Longitude>-0.562166</Longitude>
        <Latitude>51.313506</Latitude>
      </Location>
    </AnnotatedStopPointRef>
    <AnnotatedStopPointRef>
      <StopPointRef>40004404816E</StopPointRef>
      <CommonName>Montgomery Road</CommonName>
      <Location>
        <Longitude>-0.561673</Longitude>
        <Latitude>51.314139</Latitude>
      </Location>
    </AnnotatedStopPointRef>
    <AnnotatedStopPointRef>
      <StopPointRef>40004404081D</StopPointRef>
      <CommonName>Consort Court</CommonName>
      <Location>
        <Longitude>-0.560416</Longitude>
        <Latitude>51.314861</Latitude>
      </Location>
    </AnnotatedStopPointRef>
    <AnnotatedStopPointRef>
      <StopPointRef>40004412079A</StopPointRef>
      <CommonName>Goldsworth Road</CommonName>
      <Location>
        <Longitude>-0.561066</Longitude>
        <Latitude>51.317843</Latitude>
      </Location>
    </AnnotatedStopPointRef>
    <AnnotatedStopPointRef>
      <StopPointRef>40004406994B</StopPointRef>
      <CommonName>Town Quay</CommonName>
      <Location>
        <Longitude>-0.560103</Longitude>
        <Latitude>51.321169</Latitude>
      </Location>
    </AnnotatedStopPointRef>
    <AnnotatedStopPointRef>
      <StopPointRef>40004404138A</StopPointRef>
      <CommonName>Board School Road</CommonName>
      <Location>
        <Longitude>-0.553834</Longitude>
        <Latitude>51.322477</Latitude>
      </Location>
    </AnnotatedStopPointRef>
    <AnnotatedStopPointRef>
      <StopPointRef>40004404140F</StopPointRef>
      <CommonName>Woking Railway Station stop 6</CommonName>
      <Location>
        <Longitude>-0.555118</Longitude>
        <Latitude>51.319516</Latitude>
      </Location>
    </AnnotatedStopPointRef>
  </StopPoints>
  <RouteSections>
    <RouteSection id="rsf_0000">
      <RouteLink id="rl_0000_1">
        <From>
          <StopPointRef>40004404140D</StopPointRef>
        </From>
        <To>
          <StopPointRef>40004406977A</StopPointRef>
        </To>
      </RouteLink>
      <RouteLink id="rl_0000_2">
        <From>
          <StopPointRef>40004406977A</StopPointRef>
        </From>
        <To>
          <StopPointRef>40004404081C</StopPointRef>
        </To>
      </RouteLink>
      <RouteLink id="rl_0000_3">
        <From>
          <StopPointRef>40004404081C</StopPointRef>
        </From>
        <To>
          <StopPointRef>40004404816A</StopPointRef>
        </To>
      </RouteLink>
      <RouteLink id="rl_0000_4">
        <From>
          <StopPointRef>40004404816A</StopPointRef>
        </From>
        <To>
          <StopPointRef>40004404168B</StopPointRef>
        </To>
      </RouteLink>
      <RouteLink id="rl_0000_5">
        <From>
          <StopPointRef>40004404168B</StopPointRef>
        </From>
        <To>
          <StopPointRef>40004404816B</StopPointRef>
        </To>
      </RouteLink>
      <RouteLink id="rl_0000_6">
        <From>
          <StopPointRef>40004404816B</StopPointRef>
        </From>
        <To>
          <StopPointRef>40004404816C</StopPointRef>
        </To>
      </RouteLink>
      <RouteLink id="rl_0000_7">
        <From>
          <StopPointRef>40004404816C</StopPointRef>
        </From>
        <To>
          <StopPointRef>40004404075B</StopPointRef>
        </To>
      </RouteLink>
      <RouteLink id="rl_0000_8">
        <From>
          <StopPointRef>40004404075B</StopPointRef>
        </From>
        <To>
          <StopPointRef>40004404817A</StopPointRef>
        </To>
      </RouteLink>
      <RouteLink id="rl_0000_9">
        <From>
          <StopPointRef>40004404817A</StopPointRef>
        </From>
        <To>
          <StopPointRef>40004404817B</StopPointRef>
        </To>
      </RouteLink>
      <RouteLink id="rl_0000_10">
        <From>
          <StopPointRef>40004404817B</StopPointRef>
        </From>
        <To>
          <StopPointRef>40004404817C</StopPointRef>
        </To>
      </RouteLink>
      <RouteLink id="rl_0000_11">
        <From>
          <StopPointRef>40004404817C</StopPointRef>
        </From>
        <To>
          <StopPointRef>40004404817D</StopPointRef>
        </To>
      </RouteLink>
      <RouteLink id="rl_0000_12">
        <From>
          <StopPointRef>40004404817D</StopPointRef>
        </From>
        <To>
          <StopPointRef>40004404817E</StopPointRef>
        </To>
      </RouteLink>
      <RouteLink id="rl_0000_13">
        <From>
          <StopPointRef>40004404817E</StopPointRef>
        </From>
        <To>
          <StopPointRef>40004404817F</StopPointRef>
        </To>
      </RouteLink>
      <RouteLink id="rl_0000_14">
        <From>
          <StopPointRef>40004404817F</StopPointRef>
        </From>
        <To>
          <StopPointRef>40004404817G</StopPointRef>
        </To>
      </RouteLink>
      <RouteLink id="rl_0000_15">
        <From>
          <StopPointRef>40004404817G</StopPointRef>
        </From>
        <To>
          <StopPointRef>40004404075A</StopPointRef>
        </To>
      </RouteLink>
      <RouteLink id="rl_0000_16">
        <From>
          <StopPointRef>40004404075A</StopPointRef>
        </From>
        <To>
          <StopPointRef>40004404076A</StopPointRef>
        </To>
      </RouteLink>
      <RouteLink id="rl_0000_17">
        <From>
          <StopPointRef>40004404076A</StopPointRef>
        </From>
        <To>
          <StopPointRef>40004404816D</StopPointRef>
        </To>
      </RouteLink>
      <RouteLink id="rl_0000_18">
        <From>
          <StopPointRef>40004404816D</StopPointRef>
        </From>
        <To>
          <StopPointRef>40004404168A</StopPointRef>
        </To>
      </RouteLink>
      <RouteLink id="rl_0000_19">
        <From>
          <StopPointRef>40004404168A</StopPointRef>
        </From>
        <To>
          <StopPointRef>40004406974A</StopPointRef>
        </To>
      </RouteLink>
      <RouteLink id="rl_0000_20">
        <From>
          <StopPointRef>40004406974A</StopPointRef>
        </From>
        <To>
          <StopPointRef>40004404816E</StopPointRef>
        </To>
      </RouteLink>
      <RouteLink id="rl_0000_21">
        <From>
          <StopPointRef>40004404816E</StopPointRef>
        </From>
        <To>
          <StopPointRef>40004404081D</StopPointRef>
        </To>
      </RouteLink>
      <RouteLink id="rl_0000_22">
        <From>
          <StopPointRef>40004404081D</StopPointRef>
        </From>
        <To>
          <StopPointRef>40004412079A</StopPointRef>
        </To>
      </RouteLink>
      <RouteLink id="rl_0000_23">
        <From>
          <StopPointRef>40004412079A</StopPointRef>
        </From>
        <To>
          <StopPointRef>40004406994B</StopPointRef>
        </To>
      </RouteLink>
      <RouteLink id="rl_0000_24">
        <From>
          <StopPointRef>40004406994B</StopPointRef>
        </From>
        <To>
          <StopPointRef>40004404138A</StopPointRef>
        </To>
      </RouteLink>
      <RouteLink id="rl_0000_25">
        <From>
          <StopPointRef>40004404138A</StopPointRef>
        </From>
        <To>
          <StopPointRef>40004404140F</StopPointRef>
        </To>
      </RouteLink>
    </RouteSection>
  </RouteSections>
  <Routes>
    <Route id="rt_0000">
      <Description>No route description available</Description>
      <RouteSectionRef>rsf_0000</RouteSectionRef>
    </Route>
  </Routes>
  <JourneyPatternSections>
    <JourneyPatternSection id="js_1">
      <JourneyPatternTimingLink id="jptl_1">
        <From SequenceNumber="1">
          <Activity>pickUp</Activity>
          <StopPointRef>40004404140D</StopPointRef>
          <TimingStatus>principalTimingPoint</TimingStatus>
          <FareStageNumber>01</FareStageNumber>
        </From>
        <To SequenceNumber="2">
          <StopPointRef>40004406977A</StopPointRef>
          <TimingStatus>principalTimingPoint</TimingStatus>
        </To>
        <RouteLinkRef>rl_0000_1</RouteLinkRef>
        <RunTime>PT1M</RunTime>
      </JourneyPatternTimingLink>
      <JourneyPatternTimingLink id="jptl_2">
        <From SequenceNumber="2">
          <StopPointRef>40004406977A</StopPointRef>
          <TimingStatus>principalTimingPoint</TimingStatus>
        </From>
        <To SequenceNumber="3">
          <StopPointRef>40004404081C</StopPointRef>
          <TimingStatus>otherPoint</TimingStatus>
        </To>
        <RouteLinkRef>rl_0000_2</RouteLinkRef>
        <RunTime>PT2M</RunTime>
      </JourneyPatternTimingLink>
      <JourneyPatternTimingLink id="jptl_3">
        <From SequenceNumber="3">
          <StopPointRef>40004404081C</StopPointRef>
          <TimingStatus>otherPoint</TimingStatus>
        </From>
        <To SequenceNumber="4">
          <StopPointRef>40004404816A</StopPointRef>
          <TimingStatus>otherPoint</TimingStatus>
        </To>
        <RouteLinkRef>rl_0000_3</RouteLinkRef>
        <RunTime>PT0S</RunTime>
      </JourneyPatternTimingLink>
      <JourneyPatternTimingLink id="jptl_4">
        <From SequenceNumber="4">
          <StopPointRef>40004404816A</StopPointRef>
          <TimingStatus>otherPoint</TimingStatus>
        </From>
        <To SequenceNumber="5">
          <StopPointRef>40004404168B</StopPointRef>
          <TimingStatus>principalTimingPoint</TimingStatus>
          <FareStageNumber>02</FareStageNumber>
        </To>
        <RouteLinkRef>rl_0000_4</RouteLinkRef>
        <RunTime>PT2M</RunTime>
      </JourneyPatternTimingLink>
      <JourneyPatternTimingLink id="jptl_5">
        <From SequenceNumber="5">
          <StopPointRef>40004404168B</StopPointRef>
          <TimingStatus>principalTimingPoint</TimingStatus>
        </From>
        <To SequenceNumber="6">
          <StopPointRef>40004404816B</StopPointRef>
          <TimingStatus>otherPoint</TimingStatus>
        </To>
        <RouteLinkRef>rl_0000_5</RouteLinkRef>
        <RunTime>PT0S</RunTime>
      </JourneyPatternTimingLink>
      <JourneyPatternTimingLink id="jptl_6">
        <From SequenceNumber="6">
          <StopPointRef>40004404816B</StopPointRef>
          <TimingStatus>otherPoint</TimingStatus>
        </From>
        <To SequenceNumber="7">
          <StopPointRef>40004404816C</StopPointRef>
          <TimingStatus>otherPoint</TimingStatus>
        </To>
        <RouteLinkRef>rl_0000_6</RouteLinkRef>
        <RunTime>PT0S</RunTime>
      </JourneyPatternTimingLink>
      <JourneyPatternTimingLink id="jptl_7">
        <From SequenceNumber="7">
          <StopPointRef>40004404816C</StopPointRef>
          <TimingStatus>otherPoint</TimingStatus>
        </From>
        <To SequenceNumber="8">
          <StopPointRef>40004404075B</StopPointRef>
          <TimingStatus>principalTimingPoint</TimingStatus>
          <FareStageNumber>03</FareStageNumber>
        </To>
        <RouteLinkRef>rl_0000_7</RouteLinkRef>
        <RunTime>PT2M</RunTime>
      </JourneyPatternTimingLink>
      <JourneyPatternTimingLink id="jptl_8">
        <From SequenceNumber="8">
          <StopPointRef>40004404075B</StopPointRef>
          <TimingStatus>principalTimingPoint</TimingStatus>
        </From>
        <To SequenceNumber="9">
          <StopPointRef>40004404817A</StopPointRef>
          <TimingStatus>otherPoint</TimingStatus>
        </To>
        <RouteLinkRef>rl_0000_8</RouteLinkRef>
        <RunTime>PT0S</RunTime>
      </JourneyPatternTimingLink>
      <JourneyPatternTimingLink id="jptl_9">
        <From SequenceNumber="9">
          <StopPointRef>40004404817A</StopPointRef>
          <TimingStatus>otherPoint</TimingStatus>
        </From>
        <To SequenceNumber="10">
          <StopPointRef>40004404817B</StopPointRef>
          <TimingStatus>otherPoint</TimingStatus>
        </To>
        <RouteLinkRef>rl_0000_9</RouteLinkRef>
        <RunTime>PT1M</RunTime>
      </JourneyPatternTimingLink>
      <JourneyPatternTimingLink id="jptl_10">
        <From SequenceNumber="10">
          <StopPointRef>40004404817B</StopPointRef>
          <TimingStatus>otherPoint</TimingStatus>
        </From>
        <To SequenceNumber="11">
          <StopPointRef>40004404817C</StopPointRef>
          <TimingStatus>otherPoint</TimingStatus>
        </To>
        <RouteLinkRef>rl_0000_10</RouteLinkRef>
        <RunTime>PT1M</RunTime>
      </JourneyPatternTimingLink>
      <JourneyPatternTimingLink id="jptl_11">
        <From SequenceNumber="11">
          <StopPointRef>40004404817C</StopPointRef>
          <TimingStatus>otherPoint</TimingStatus>
        </From>
        <To SequenceNumber="12">
          <StopPointRef>40004404817D</StopPointRef>
          <TimingStatus>principalTimingPoint</TimingStatus>
        </To>
        <RouteLinkRef>rl_0000_11</RouteLinkRef>
        <RunTime>PT2M</RunTime>
      </JourneyPatternTimingLink>
      <JourneyPatternTimingLink id="jptl_12">
        <From SequenceNumber="12">
          <StopPointRef>40004404817D</StopPointRef>
          <TimingStatus>principalTimingPoint</TimingStatus>
        </From>
        <To SequenceNumber="13">
          <StopPointRef>40004404817E</StopPointRef>
          <TimingStatus>otherPoint</TimingStatus>
        </To>
        <RouteLinkRef>rl_0000_12</RouteLinkRef>
        <RunTime>PT0S</RunTime>
      </JourneyPatternTimingLink>
      <JourneyPatternTimingLink id="jptl_13">
        <From SequenceNumber="13">
          <StopPointRef>40004404817E</StopPointRef>
          <TimingStatus>otherPoint</TimingStatus>
        </From>
        <To SequenceNumber="14">
          <StopPointRef>40004404817F</StopPointRef>
          <TimingStatus>otherPoint</TimingStatus>
        </To>
        <RouteLinkRef>rl_0000_13</RouteLinkRef>
        <RunTime>PT1M</RunTime>
      </JourneyPatternTimingLink>
      <JourneyPatternTimingLink id="jptl_14">
        <From SequenceNumber="14">
          <StopPointRef>40004404817F</StopPointRef>
          <TimingStatus>otherPoint</TimingStatus>
        </From>
        <To SequenceNumber="15">
          <StopPointRef>40004404817G</StopPointRef>
          <TimingStatus>otherPoint</TimingStatus>
        </To>
        <RouteLinkRef>rl_0000_14</RouteLinkRef>
        <RunTime>PT1M</RunTime>
      </JourneyPatternTimingLink>
      <JourneyPatternTimingLink id="jptl_15">
        <From SequenceNumber="15">
          <StopPointRef>40004404817G</StopPointRef>
          <TimingStatus>otherPoint</TimingStatus>
        </From>
        <To SequenceNumber="16">
          <StopPointRef>40004404075A</StopPointRef>
          <TimingStatus>principalTimingPoint</TimingStatus>
        </To>
        <RouteLinkRef>rl_0000_15</RouteLinkRef>
        <RunTime>PT2M</RunTime>
      </JourneyPatternTimingLink>
      <JourneyPatternTimingLink id="jptl_16">
        <From SequenceNumber="16">
          <StopPointRef>40004404075A</StopPointRef>
          <TimingStatus>principalTimingPoint</TimingStatus>
        </From>
        <To SequenceNumber="17">
          <StopPointRef>40004404076A</StopPointRef>
          <TimingStatus>otherPoint</TimingStatus>
          <FareStageNumber>04</FareStageNumber>
        </To>
        <RouteLinkRef>rl_0000_16</RouteLinkRef>
        <RunTime>PT0S</RunTime>
      </JourneyPatternTimingLink>
      <JourneyPatternTimingLink id="jptl_17">
        <From SequenceNumber="17">
          <StopPointRef>40004404076A</StopPointRef>
          <TimingStatus>otherPoint</TimingStatus>
        </From>
        <To SequenceNumber="18">
          <StopPointRef>40004404816D</StopPointRef>
          <TimingStatus>otherPoint</TimingStatus>
        </To>
        <RouteLinkRef>rl_0000_17</RouteLinkRef>
        <RunTime>PT1M</RunTime>
      </JourneyPatternTimingLink>
      <JourneyPatternTimingLink id="jptl_18">
        <From SequenceNumber="18">
          <StopPointRef>40004404816D</StopPointRef>
          <TimingStatus>otherPoint</TimingStatus>
        </From>
        <To SequenceNumber="19">
          <StopPointRef>40004404168A</StopPointRef>
          <TimingStatus>principalTimingPoint</TimingStatus>
        </To>
        <RouteLinkRef>rl_0000_18</RouteLinkRef>
        <RunTime>PT1M</RunTime>
      </JourneyPatternTimingLink>
      <JourneyPatternTimingLink id="jptl_19">
        <From SequenceNumber="19">
          <StopPointRef>40004404168A</StopPointRef>
          <TimingStatus>principalTimingPoint</TimingStatus>
        </From>
        <To SequenceNumber="20">
          <StopPointRef>40004406974A</StopPointRef>
          <TimingStatus>otherPoint</TimingStatus>
        </To>
        <RouteLinkRef>rl_0000_19</RouteLinkRef>
        <RunTime>PT0S</RunTime>
      </JourneyPatternTimingLink>
      <JourneyPatternTimingLink id="jptl_20">
        <From SequenceNumber="20">
          <StopPointRef>40004406974A</StopPointRef>
          <TimingStatus>otherPoint</TimingStatus>
        </From>
        <To SequenceNumber="21">
          <StopPointRef>40004404816E</StopPointRef>
          <TimingStatus>otherPoint</TimingStatus>
        </To>
        <RouteLinkRef>rl_0000_20</RouteLinkRef>
        <RunTime>PT0S</RunTime>
      </JourneyPatternTimingLink>
      <JourneyPatternTimingLink id="jptl_21">
        <From SequenceNumber="21">
          <StopPointRef>40004404816E</StopPointRef>
          <TimingStatus>otherPoint</TimingStatus>
        </From>
        <To SequenceNumber="22">
          <StopPointRef>40004404081D</StopPointRef>
          <TimingStatus>otherPoint</TimingStatus>
        </To>
        <RouteLinkRef>rl_0000_21</RouteLinkRef>
        <RunTime>PT1M</RunTime>
      </JourneyPatternTimingLink>
      <JourneyPatternTimingLink id="jptl_22">
        <From SequenceNumber="22">
          <StopPointRef>40004404081D</StopPointRef>
          <TimingStatus>otherPoint</TimingStatus>
        </From>
        <To SequenceNumber="23">
          <StopPointRef>40004412079A</StopPointRef>
          <TimingStatus>otherPoint</TimingStatus>
        </To>
        <RouteLinkRef>rl_0000_22</RouteLinkRef>
        <RunTime>PT2M</RunTime>
      </JourneyPatternTimingLink>
      <JourneyPatternTimingLink id="jptl_23">
        <From SequenceNumber="23">
          <StopPointRef>40004412079A</StopPointRef>
          <TimingStatus>otherPoint</TimingStatus>
        </From>
        <To SequenceNumber="24">
          <StopPointRef>40004406994B</StopPointRef>
          <TimingStatus>otherPoint</TimingStatus>
        </To>
        <RouteLinkRef>rl_0000_23</RouteLinkRef>
        <RunTime>PT1M</RunTime>
      </JourneyPatternTimingLink>
      <JourneyPatternTimingLink id="jptl_24">
        <From SequenceNumber="24">
          <StopPointRef>40004406994B</StopPointRef>
          <TimingStatus>otherPoint</TimingStatus>
        </From>
        <To SequenceNumber="25">
          <StopPointRef>40004404138A</StopPointRef>
          <TimingStatus>otherPoint</TimingStatus>
        </To>
        <RouteLinkRef>rl_0000_24</RouteLinkRef>
        <RunTime>PT2M</RunTime>
      </JourneyPatternTimingLink>
      <JourneyPatternTimingLink id="jptl_25">
        <From SequenceNumber="25">
          <StopPointRef>40004404138A</StopPointRef>
          <TimingStatus>otherPoint</TimingStatus>
        </From>
        <To SequenceNumber="26">
          <Activity>setDown</Activity>
          <StopPointRef>40004404140F</StopPointRef>
          <TimingStatus>principalTimingPoint</TimingStatus>
          <FareStageNumber>05</FareStageNumber>
        </To>
        <RouteLinkRef>rl_0000_25</RouteLinkRef>
        <RunTime>PT2M</RunTime>
      </JourneyPatternTimingLink>
    </JourneyPatternSection>
  </JourneyPatternSections>
  <Operators>
    <Operator id="tkt_oid">
      <NationalOperatorCode>FALC</NationalOperatorCode>
      <OperatorCode>FALC</OperatorCode>
      <OperatorShortName>Falcon Coaches Ltd</OperatorShortName>
      <LicenceNumber>PK1109969</LicenceNumber>
    </Operator>
  </Operators>
  <Services>
    <Service>
      <ServiceCode>PK1109969:28</ServiceCode>
      <Lines>
        <Line id="FALC:PK1109969:28:81">
          <LineName>81</LineName>
          <OutboundDescription>
            <Description>Woking to Barnsbury Estate</Description>
          </OutboundDescription>
          <InboundDescription>
            <Description>Barnsbury Estate to Woking</Description>
          </InboundDescription>
        </Line>
      </Lines>
      <OperatingPeriod>
        <StartDate>2025-12-29</StartDate>
        <EndDate>2025-12-31</EndDate>
      </OperatingPeriod>
      <OperatingProfile>
        <RegularDayType>
          <DaysOfWeek>
            <Monday />
            <Tuesday />
            <Wednesday />
          </DaysOfWeek>
        </RegularDayType>
        <BankHolidayOperation>
          <DaysOfOperation>
            <NewYearsEve />
          </DaysOfOperation>
          <DaysOfNonOperation>
            <ChristmasDay />
            <BoxingDay />
            <GoodFriday />
            <NewYearsDay />
            <LateSummerBankHolidayNotScotland />
            <MayDay />
            <EasterMonday />
            <SpringBank />
            <ChristmasDayHoliday />
            <BoxingDayHoliday />
            <NewYearsDayHoliday />
            <ChristmasEve />
          </DaysOfNonOperation>
        </BankHolidayOperation>
      </OperatingProfile>
      <RegisteredOperatorRef>tkt_oid</RegisteredOperatorRef>
      <PublicUse>true</PublicUse>
      <StandardService>
        <Origin>Woking</Origin>
        <Destination>Barnsbury Estate</Destination>
        <JourneyPattern id="jp_1">
          <DestinationDisplay>Woking Railway Station stop 6</DestinationDisplay>
          <OperatorRef>tkt_oid</OperatorRef>
          <Direction>outbound</Direction>
          <RouteRef>rt_0000</RouteRef>
          <JourneyPatternSectionRefs>js_1</JourneyPatternSectionRefs>
        </JourneyPattern>
      </StandardService>
    </Service>
  </Services>
  <VehicleJourneys>
    <VehicleJourney>
      <OperatorRef>tkt_oid</OperatorRef>
      <Operational>
        <TicketMachine>
          <JourneyCode>0715</JourneyCode>
        </TicketMachine>
      </Operational>
      <VehicleJourneyCode>vj_1</VehicleJourneyCode>
      <ServiceRef>PK1109969:28</ServiceRef>
      <LineRef>FALC:PK1109969:28:81</LineRef>
      <JourneyPatternRef>jp_1</JourneyPatternRef>
      <DepartureTime>07:15:00</DepartureTime>
    </VehicleJourney>
    <VehicleJourney>
      <OperatorRef>tkt_oid</OperatorRef>
      <Operational>
        <TicketMachine>
          <JourneyCode>0755</JourneyCode>
        </TicketMachine>
      </Operational>
      <VehicleJourneyCode>vj_2</VehicleJourneyCode>
      <ServiceRef>PK1109969:28</ServiceRef>
      <LineRef>FALC:PK1109969:28:81</LineRef>
      <JourneyPatternRef>jp_1</JourneyPatternRef>
      <DepartureTime>07:55:00</DepartureTime>
    </VehicleJourney>
    <VehicleJourney>
      <OperatorRef>tkt_oid</OperatorRef>
      <Operational>
        <TicketMachine>
          <JourneyCode>0830</JourneyCode>
        </TicketMachine>
      </Operational>
      <VehicleJourneyCode>vj_3</VehicleJourneyCode>
      <ServiceRef>PK1109969:28</ServiceRef>
      <LineRef>FALC:PK1109969:28:81</LineRef>
      <JourneyPatternRef>jp_1</JourneyPatternRef>
      <DepartureTime>08:30:00</DepartureTime>
    </VehicleJourney>
    <VehicleJourney>
      <OperatorRef>tkt_oid</OperatorRef>
      <Operational>
        <TicketMachine>
          <JourneyCode>0900</JourneyCode>
        </TicketMachine>
      </Operational>
      <VehicleJourneyCode>vj_4</VehicleJourneyCode>
      <ServiceRef>PK1109969:28</ServiceRef>
      <LineRef>FALC:PK1109969:28:81</LineRef>
      <JourneyPatternRef>jp_1</JourneyPatternRef>
      <DepartureTime>09:00:00</DepartureTime>
    </VehicleJourney>
    <VehicleJourney>
      <OperatorRef>tkt_oid</OperatorRef>
      <Operational>
        <TicketMachine>
          <JourneyCode>0930</JourneyCode>
        </TicketMachine>
      </Operational>
      <VehicleJourneyCode>vj_5</VehicleJourneyCode>
      <ServiceRef>PK1109969:28</ServiceRef>
      <LineRef>FALC:PK1109969:28:81</LineRef>
      <JourneyPatternRef>jp_1</JourneyPatternRef>
      <DepartureTime>09:30:00</DepartureTime>
    </VehicleJourney>
    <VehicleJourney>
      <OperatorRef>tkt_oid</OperatorRef>
      <Operational>
        <TicketMachine>
          <JourneyCode>1010</JourneyCode>
        </TicketMachine>
      </Operational>
      <VehicleJourneyCode>vj_6</VehicleJourneyCode>
      <ServiceRef>PK1109969:28</ServiceRef>
      <LineRef>FALC:PK1109969:28:81</LineRef>
      <JourneyPatternRef>jp_1</JourneyPatternRef>
      <DepartureTime>10:10:00</DepartureTime>
    </VehicleJourney>
    <VehicleJourney>
      <OperatorRef>tkt_oid</OperatorRef>
      <Operational>
        <TicketMachine>
          <JourneyCode>1040</JourneyCode>
        </TicketMachine>
      </Operational>
      <VehicleJourneyCode>vj_7</VehicleJourneyCode>
      <ServiceRef>PK1109969:28</ServiceRef>
      <LineRef>FALC:PK1109969:28:81</LineRef>
      <JourneyPatternRef>jp_1</JourneyPatternRef>
      <DepartureTime>10:40:00</DepartureTime>
    </VehicleJourney>
    <VehicleJourney>
      <OperatorRef>tkt_oid</OperatorRef>
      <Operational>
        <TicketMachine>
          <JourneyCode>1110</JourneyCode>
        </TicketMachine>
      </Operational>
      <VehicleJourneyCode>vj_8</VehicleJourneyCode>
      <ServiceRef>PK1109969:28</ServiceRef>
      <LineRef>FALC:PK1109969:28:81</LineRef>
      <JourneyPatternRef>jp_1</JourneyPatternRef>
      <DepartureTime>11:10:00</DepartureTime>
    </VehicleJourney>
    <VehicleJourney>
      <OperatorRef>tkt_oid</OperatorRef>
      <Operational>
        <TicketMachine>
          <JourneyCode>1140</JourneyCode>
        </TicketMachine>
      </Operational>
      <VehicleJourneyCode>vj_9</VehicleJourneyCode>
      <ServiceRef>PK1109969:28</ServiceRef>
      <LineRef>FALC:PK1109969:28:81</LineRef>
      <JourneyPatternRef>jp_1</JourneyPatternRef>
      <DepartureTime>11:40:00</DepartureTime>
    </VehicleJourney>
    <VehicleJourney>
      <OperatorRef>tkt_oid</OperatorRef>
      <Operational>
        <TicketMachine>
          <JourneyCode>1210</JourneyCode>
        </TicketMachine>
      </Operational>
      <VehicleJourneyCode>vj_10</VehicleJourneyCode>
      <ServiceRef>PK1109969:28</ServiceRef>
      <LineRef>FALC:PK1109969:28:81</LineRef>
      <JourneyPatternRef>jp_1</JourneyPatternRef>
      <DepartureTime>12:10:00</DepartureTime>
    </VehicleJourney>
    <VehicleJourney>
      <OperatorRef>tkt_oid</OperatorRef>
      <Operational>
        <TicketMachine>
          <JourneyCode>1240</JourneyCode>
        </TicketMachine>
      </Operational>
      <VehicleJourneyCode>vj_11</VehicleJourneyCode>
      <ServiceRef>PK1109969:28</ServiceRef>
      <LineRef>FALC:PK1109969:28:81</LineRef>
      <JourneyPatternRef>jp_1</JourneyPatternRef>
      <DepartureTime>12:40:00</DepartureTime>
    </VehicleJourney>
    <VehicleJourney>
      <OperatorRef>tkt_oid</OperatorRef>
      <Operational>
        <TicketMachine>
          <JourneyCode>1310</JourneyCode>
        </TicketMachine>
      </Operational>
      <VehicleJourneyCode>vj_12</VehicleJourneyCode>
      <ServiceRef>PK1109969:28</ServiceRef>
      <LineRef>FALC:PK1109969:28:81</LineRef>
      <JourneyPatternRef>jp_1</JourneyPatternRef>
      <DepartureTime>13:10:00</DepartureTime>
    </VehicleJourney>
    <VehicleJourney>
      <OperatorRef>tkt_oid</OperatorRef>
      <Operational>
        <TicketMachine>
          <JourneyCode>1340</JourneyCode>
        </TicketMachine>
      </Operational>
      <VehicleJourneyCode>vj_13</VehicleJourneyCode>
      <ServiceRef>PK1109969:28</ServiceRef>
      <LineRef>FALC:PK1109969:28:81</LineRef>
      <JourneyPatternRef>jp_1</JourneyPatternRef>
      <DepartureTime>13:40:00</DepartureTime>
    </VehicleJourney>
    <VehicleJourney>
      <OperatorRef>tkt_oid</OperatorRef>
      <Operational>
        <TicketMachine>
          <JourneyCode>1410</JourneyCode>
        </TicketMachine>
      </Operational>
      <VehicleJourneyCode>vj_14</VehicleJourneyCode>
      <ServiceRef>PK1109969:28</ServiceRef>
      <LineRef>FALC:PK1109969:28:81</LineRef>
      <JourneyPatternRef>jp_1</JourneyPatternRef>
      <DepartureTime>14:10:00</DepartureTime>
    </VehicleJourney>
    <VehicleJourney>
      <OperatorRef>tkt_oid</OperatorRef>
      <Operational>
        <TicketMachine>
          <JourneyCode>1440</JourneyCode>
        </TicketMachine>
      </Operational>
      <VehicleJourneyCode>vj_15</VehicleJourneyCode>
      <ServiceRef>PK1109969:28</ServiceRef>
      <LineRef>FALC:PK1109969:28:81</LineRef>
      <JourneyPatternRef>jp_1</JourneyPatternRef>
      <DepartureTime>14:40:00</DepartureTime>
    </VehicleJourney>
    <VehicleJourney>
      <OperatorRef>tkt_oid</OperatorRef>
      <Operational>
        <TicketMachine>
          <JourneyCode>1510</JourneyCode>
        </TicketMachine>
      </Operational>
      <VehicleJourneyCode>vj_16</VehicleJourneyCode>
      <ServiceRef>PK1109969:28</ServiceRef>
      <LineRef>FALC:PK1109969:28:81</LineRef>
      <JourneyPatternRef>jp_1</JourneyPatternRef>
      <DepartureTime>15:10:00</DepartureTime>
    </VehicleJourney>
    <VehicleJourney>
      <OperatorRef>tkt_oid</OperatorRef>
      <Operational>
        <TicketMachine>
          <JourneyCode>1545</JourneyCode>
        </TicketMachine>
      </Operational>
      <VehicleJourneyCode>vj_17</VehicleJourneyCode>
      <ServiceRef>PK1109969:28</ServiceRef>
      <LineRef>FALC:PK1109969:28:81</LineRef>
      <JourneyPatternRef>jp_1</JourneyPatternRef>
      <DepartureTime>15:45:00</DepartureTime>
    </VehicleJourney>
    <VehicleJourney>
      <OperatorRef>tkt_oid</OperatorRef>
      <Operational>
        <TicketMachine>
          <JourneyCode>1645</JourneyCode>
        </TicketMachine>
      </Operational>
      <VehicleJourneyCode>vj_18</VehicleJourneyCode>
      <ServiceRef>PK1109969:28</ServiceRef>
      <LineRef>FALC:PK1109969:28:81</LineRef>
      <JourneyPatternRef>jp_1</JourneyPatternRef>
      <DepartureTime>16:45:00</DepartureTime>
    </VehicleJourney>
    <VehicleJourney>
      <OperatorRef>tkt_oid</OperatorRef>
      <Operational>
        <TicketMachine>
          <JourneyCode>1720</JourneyCode>
        </TicketMachine>
      </Operational>
      <VehicleJourneyCode>vj_19</VehicleJourneyCode>
      <ServiceRef>PK1109969:28</ServiceRef>
      <LineRef>FALC:PK1109969:28:81</LineRef>
      <JourneyPatternRef>jp_1</JourneyPatternRef>
      <DepartureTime>17:20:00</DepartureTime>
    </VehicleJourney>
    <VehicleJourney>
      <OperatorRef>tkt_oid</OperatorRef>
      <Operational>
        <TicketMachine>
          <JourneyCode>1800</JourneyCode>
        </TicketMachine>
      </Operational>
      <VehicleJourneyCode>vj_20</VehicleJourneyCode>
      <ServiceRef>PK1109969:28</ServiceRef>
      <LineRef>FALC:PK1109969:28:81</LineRef>
      <JourneyPatternRef>jp_1</JourneyPatternRef>
      <DepartureTime>18:00:00</DepartureTime>
    </VehicleJourney>
  </VehicleJourneys>
</TransXChange>